search_word,user,location,tweet
Garjana,Deepa25379819,"New Delhi, India","Humare sher n phir s garjana ki 
@_PreetiPandey 
@mamta_kale 
@pradip103 
@SyyedSuhail 
#BharatMataKiJai https://t.co/nbBUXMl1Mj"
Garjana,nkashyap05,,@iArmySupporter Sher ki garjana.....and hearts of penguins and shameless Parambir must have stopped beating. It is is not Shiv Sena- it has become Penguin-Sena! Jai Bharat!
Garjana,anencyclopaedia,the liminal spaces,"Garjana Grass - Some lessons, like the absence of a correlation between the size and the scale of a threat, are writ even larger when dealing with something that should not exist at all.
https://t.co/WKytcxQqdQ"
Garjana,Am_A_Travieso,in â™¥ï¸ with Aishwarya Rajesh,Modati ball tho ne simha garjana started
Garjana,lyriasjournal,,"Guardian of the West-Northwest and one of the Twelve Divine Generals. Revered as a deity of war along with her canine partner Garjana, she is steadfast and determined in her pursuit of strength. Her purity of heart allows her to hear the voices of the natural world, making her..."
Garjana,omlettebread,,"@gareebscientist I am a big advocate of on screen telemetery, very high quality launch transmission, including use of stabilized gyro telescopes, aerial platform use for video transmission, &amp; easy flowing commentary - not the DD styled â€˜engine ki garjanaâ€™
Need more info on rocket performance"
Middle+Class+Melodies,THEPANIPURI,"USA,India","Good reports coming in for #MiddleClassMelodies

https://t.co/1WsQ9yd47D

#AnandDeverakonda
#MiddleClassMelodies"
Middle+Class+Melodies,Sarath1111111,Balcony4raina.com,Middle class melodies min entertainment guarantee movie emo
Middle+Class+Melodies,Gautam_D7,Upside down ,@krishna_zz Middle class melodies kosam wait chesthunnatlunnar.
Middle+Class+Melodies,GlobalNews82,Kingdom of Saudi Arabia,Middle Class Melodies - Official Trailer https://t.co/CR5ruFChBC
Middle+Class+Melodies,telugu_films,,"6M+ Views &amp; Trending ğŸ˜

#MCMTrailer ğŸ’¥

â–¶ï¸ https://t.co/1q0KsL5u1o

#MiddleClassMelodies https://t.co/UkOPggsK50"
Middle+Class+Melodies,neninthe_e,Andra Pradesh,@mahesh_fan_18 Middle class melodies song aa??
Middle+Class+Melodies,Janmanchi_,,Middle class melodies ante ive ra https://t.co/xi0Aa05xPR
Middle+Class+Melodies,TheCineBlitz,Mumbai,Anand Deverakonda thanks audience for overwhelming response to Middle Class Melodiesâ€™ trailer https://t.co/KhICJfXg4X
Middle+Class+Melodies,RATPACcheck,,"#SandhyaSong Update - Middle Class Melodies ! @mrlanuk 
.
#MiddleClassMelodies #MiddleClassMelodiesOnPrime #SchoolsReopen #YouTubeDOWN #HappyDhanteras #HappyDiwali #VaathiComing #Master #MasterDiwali #Pushpa #Prabhas 

Check Out - https://t.co/emOxj4J3fv https://t.co/DSM48IfKXh"
Middle+Class+Melodies,chittipitta,,Middle class melodies trailer baundi.
Anaganaga+O+Athidhi,_Chitraloka_,"Bengaluru South, India","#Dayalpadmanabhan #Direction  Anaganaga_o_Athidhi Movie  teaser Getting Good Response From Audience. Watch If Yet See ğŸ‘‡ğŸ‘‡
https://t.co/3Dagvy3J4T

#à²šà²¿à²¤à³à²°à²²à³‹à²• #Dayalpadmanabhan #payalrajput #telgucinema #teaser https://t.co/EVzNh9cU4z"
Anaganaga+O+Athidhi,Cinimall,"Bengaluru South, India","#Dayalpadmanabhan #Direction  Anaganaga_o_Athidhi Movie  teaser Getting Good Response From Audience. Watch If Yet See ğŸ‘‡ğŸ‘‡
https://t.co/fRe6SuyJ58

#cinimall #Dayalpadmanabhan #payalrajput #telgucinema #teaser https://t.co/4spWy5wTHB"
Anaganaga+O+Athidhi,businessoftolly,Hyderabad,#AnaganagaOAthidhi Movie Teaser | Business of Tollywood https://t.co/0OXgG1YjkI
Anaganaga+O+Athidhi,_Chitraloka_,"Bengaluru South, India","Suspension thriller Anaganaga_o_Athidhi movie  teaser out now ğŸ‘‡ watch it it was Awesome ğŸ‘Œ
https://t.co/3Dagvy3J4T

#à²šà²¿à²¤à³à²°à²²à³‹à²• #Dayalpadmanabhan #telgucinema #payalrajput #teaseroutnow https://t.co/6lYpFP1DIs"
Anaganaga+O+Athidhi,Binged_,,"Teaser Talk:

The #Teaser of #AnaganagaOAthidhi on #AhaVideo is dark, very dark

It seems a film that will leave its viewers shaken &amp; stirred

#Teaser &amp; its #TeaserTalk ğŸ‘‡

@starlingpayal @99_chaitu @dayalpadmanaban @Trendloud @ArrolCorelli @ahavideoIN
ğŸ‘‡
https://t.co/GanWw9E1XA"
Anaganaga+O+Athidhi,igtelugu,Hyderabad,"#AnaganagaOAthidhi teaser is out!

@starlingpayal @99_chaitu @dayalpadmanaban @Trendloud @ArrolCorelli #IndiaGlitzTelugu #Tollywood #News 

https://t.co/UgVAEz5waO"
Anaganaga+O+Athidhi,Cinimall,"Bengaluru South, India","Suspension thriller Anaganaga_o_Athidhi movie  teaser out now ğŸ‘‡ watch it it was Awesome ğŸ˜ğŸ‘Œ
https://t.co/fRe6SuyJ58

#cinimall #Dayalpadmanabhan #telgucinema #payalrajput #teaseroutnow https://t.co/9wJUfvfRMt"
Anaganaga+O+Athidhi,123telugu,Hyderabad,"@ActorKartikeya launches the teaser of #AnaganagaOAthidhi! 

Premieres Nov 20, only on @ahavideoIN

https://t.co/vu9dRbiyhp

@starlingpayal @99_chaitu @dayalpadmanaban @Trendloud @ArrolCorelli #123telugu https://t.co/uzvU1yvoX8"
Anaganaga+O+Athidhi,_Chitraloka_,"Bengaluru South, India","Anaganaga_o_Athidhi trailer movie teaser will be launching by stylish Hero kartikeya on today 11Am.

#à²šà²¿à²¤à³à²°à²²à³‹à²• #kartikeya #telugu #Dayalpadmanabhan #payalrajput #Teaser #today #comingsoon https://t.co/9iFOeMDEsO"
Anaganaga+O+Athidhi,Cinimall,"Bengaluru South, India","Anaganaga_o_Athidhi trailer movie teaser will be launching by stylish Hero kartikeya on today 11Am.

#cinimall #kartikeya #telugu #Dayalpadmanabhan #payalrajput #Teaser #today https://t.co/6oDJruD28y"
Andhaghaaram,itz_Cigarette,Bengaluru,"Tomorrow Holiday My #Diwali Schedule

Morning - #Thuppakki 
Afternoon - #SooraraiPottruOnPrime 2nd Time
Evening Yes #MasterTeaser Waiting â¤ï¸ğŸ•º
Night - #MookuthiAmman and #Andhaghaaram 

Full On Entertainment Thaan â¤ï¸ğŸ˜˜
#MasterTeaserFromTomorrow 
@actorvijay #Master"
Andhaghaaram,Tweet2TBG,"Bengaluru, India",@netflix Can't belive Netflix made an error in displaying names. Movie name Andhaghaaram or Andhakaaram https://t.co/cc9kMiiX0u
Andhaghaaram,Tweet2TBG,"Bengaluru, India",@netflix Can't belive Netflix made an error in displaying names. Movie name Andhaghaaram or Andhakaaram https://t.co/lucSrkkdW8
Andhaghaaram,raghunathan_ps,,"This is one movie I have really been waiting for. Wish this movie becomes a hit. 

All the very best to the whole team and my favourites @iam_arjundas @vinoth_kishan 

@vvignarajan @Poojaram22 @NetflixIndia @MishMash2611 @Sudhans2017 @thinkmusicindia 

#Andhaghaaram https://t.co/jFQ6zxA0dP"
Andhaghaaram,thinkmusicindia,Chennai,"Can't get enough of the very promising #Andhaghaaram Trailer # 2âƒ£ 
 ğŸ”›https://t.co/CVqCSDxKqo

@Atlee_dir @aforapple_offcl @PassionStudios_
@priyaatlee @Sudhans2017 @vvignarajan
@iam_arjundas #PradeepKumar @Jayaram_gj
@vinoth_kishan @Poojaram22 @MishMash2611
@netflixindia https://t.co/aMNF7Q5P30"
Andhaghaaram,Dani_Knope,Central NJ - DMV,"Seems @Netflix has 2 similar movies w differing names. Or 2 diff movies overlap under eerie influences. #Andhaghaaram and #Andhakaaram
Was hoping it was a trick like 2 halves of 1 story so I watched both trailers for differences. The symbols at the end? I see both names on Google https://t.co/Hdt9bttXea"
Andhaghaaram,satishimf,chennai,"#Andhaghaaram 

Is it related to Drug abuse effects or Black Magic? Trailer of Andhaghaaram is Intriguing. 
https://t.co/JijNiiz2zR

@iam_arjundas @vinoth_kishan @vvignarajan"
Andhaghaaram,philoedit,Chennai,"Interesting Trailer ğŸ‘ . Best wishes @iam_arjundas and the entire team. 

#Andhaghaaram
#andhaghaaramtrailer2

https://t.co/ZNyN2d9oPX"
Andhaghaaram,katradhucinema,,"They are Coming to surprise us!
From the Darkness #Andhaghaaram . ğŸ˜

Best Wishes @vinoth_kishan @iam_arjundas  
 @Atlee_dir @priyaatlee https://t.co/UbKTvLkvA3"
Andhaghaaram,Janakiraman51,"Chennai, India",".Trailer#2 of #Andhaghaaram 

https:/youtu.be/3yR_zFm7tJo

@Atlee_dir @aforapple_offcl @PassionStudios_  @priyaatlee @Sudhans2017 @vvignarajan @iam_arjundas #PradeepKumar @Jayaram_gj @vinoth_kishan @Poojaram22@MishMash2611 @thinkmusicindia @netflixindia @DoneChannel1@CtcMediaboy https://t.co/NRAgEGyxsG"
Brahmastra,Brahmastraa1,New Delhi,"à¤¦à¥€à¤ªà¤• à¤•à¤¾ à¤ªà¥à¤°à¤•à¤¾à¤¶ à¤¹à¤° à¤ªà¤² à¤†à¤ªà¤•à¥‡ à¤œà¥€à¤µà¤¨ à¤®à¥‡à¤‚ à¤¨à¤ˆ à¤°à¥‹à¤¶à¤¨à¥€ à¤”à¤° à¤–à¥à¤¶à¥€ à¤²à¤¾à¤! à¤¶à¥à¤­ à¤¦à¥€à¤ªà¤¾à¤µà¤²à¥€ !!
As we celebrate the festival of lights, Team #Brahmastra wishes you and your loved ones a #happydiwali! Have a festive weekend and stay safe! #Diwali #diwaliwishes #diwali2020âœ¨ https://t.co/ldar2VXwMP"
Brahmastra,WIONews,India,"#InPics | From Alia Bhatt- Ranbir Kapoor coming together in 'Brahmastra', to Prabhas-Pooja Hegde's 'Radhe Shyam' - here's a list of fresh movie pairs

https://t.co/BYtTIOd4aH"
Brahmastra,ipomoeaalba,"Istanbul,Turkey","@SavageK21048921 Only 3 could use brahmastra: Arjun,Karn,Ashwathama. And thats only the myth or legend.. dunno... And d specÄ±al mantra Ä±n use was probably Brahmmantra. ( The weapon of Brahma) Nowadays all mantras are Ä±n use Ä±n yoga. not war."
Brahmastra,SavageK21048921,,"@ipomoeaalba For example,brahmastra can be used to kill a human or destroy entire universe,it depends on the energy level of the invoker. 
A nuclear bomb is not controllable."
Brahmastra,SavageK21048921,,"@ipomoeaalba Even we have,it doesn't matter Pakistan has nuclear weapons but it doesn't know how to intercept ICBMs,we know.
Also we have more advance nuclear programme.
However brahmastra and nuclear weapons are different,brahmastra can be controlled by the one who launches it.."
Brahmastra,SavageK21048921,,"@ipomoeaalba Pakistan has nothing,brahmastra cannot be invoked by illiterates,it needs a special mantra with certain sound frequency and same tune with concentration,none of the human alive today can do it."
Brahmastra,SavageK21048921,,"@ipomoeaalba Quote from bhagwat gita,talks about brahmastra,I hope you know it ;)
And India knows when to use."
Brahmastra,Movie_Updates__,,"After #Shamshera and #Brahmastra, #RanbirKapoor to pair up with #ShraddhKapoor for a rom com under #LuvRanjan direction. Set to go on floors post Diwali in Mumbai. Later on in Spain. https://t.co/44uriMdjze"
Brahmastra,AMadhyapandava,,"// Arjuna- It toasts bread, Karna... Probably burns hotter than your Brahmastra too. https://t.co/1UK70nXynk"
Brahmastra,shahrukhdevdas2,"Toronto, Canada",@safarnamaaa Shamshera for sure. Brahmastra remains a waiting game.
Greenland,MobiWan2015,South Africa,"So,  I'm watching the @PrimeVideo Greenland and the first half an hour is soooo frustrating to watch cos of certain characters' decisions - which is understandable in a crisis #newmovies"
Greenland,jasonm8yer,Idaho,@chrislhayes Definitely buying Greenland
Greenland,lucyinglis,Department 34,"I'm upping this because the current situation for First Nation people in Canada and Greenland now is desperate, and it's something we all need to see. https://t.co/DDzjRPuvje"
Greenland,lit65539723,,"@DiogoCadarn @slovborg If you like.

There is no political situation that could arise that would see Denmark willing cede Greenland to the United States. It would require conquest and the total collapse of NATO to achieve.

Kinda hope it happens now but my point remains lol"
Greenland,areck0001,"Ashland, KY",him and the cult want to move there. to greenland. and have their own political apparatus. https://t.co/7tbPP51TfH
Greenland,DiogoCadarn,,"@lit65539723 @slovborg The Amazon contains at most 10% of the economy of Brazil, its importance lies more in its potential. A better comparison would be Denmark and Greenland."
Greenland,NoHickies1,,Watchin Greenland
Greenland,jack_tueting,VA-05,Ambassador to Greenland Roger Marshall
Greenland,areck0001,"Ashland, KY","Where to Greenland? That's between you all and Greenland and maybe Denmark. Like they want us to let them leave fine, but they want to invade and take over Greenland. https://t.co/pqd680hZni"
Greenland,rayZ0rcakes,"Schiedam, Netherlands",Watching Greenland and I can't help but think how damn scary it would be if you would know earth would see an extinction level event within 48 hours.
Gurubrahma,IC_Shetty,,"Date; 12.11.2020 THURSDAY
Rahukaala: 1.30Pm to 3Pm.
GulikaKala..09Am to 10.30Am

Good Morning ğŸ‘
May Goddess Durgama n
Gurubrahma Grace us all happiness, Success n Good HealthğŸ‘ƒğŸ»

 KEEP SAFE DISTANCE from OTHERSğŸ‘

Yours 
IC. SHETTY"
Gurubrahma,IC_Shetty,,"Date; 05.11.2020 THURSDAY
Rahukaala: 1.30Pm to 3Pm.
GulikaKala..09Am to 10.30Am

Good Morning ğŸ‘
May Goddess Durgama n
Gurubrahma Grace us all happiness, Success n Good HealthğŸ‘ƒğŸ»

 KEEP SAFE DISTANCE from OTHERSğŸ‘

Yours 
IC. SHETTY"
Tughlaq+Durbar,nagaraju_kr,"Karnataka, India","@girishalva It shows/proves that National Judicial Appointment Committee Act is need of the hour, and should be brought immediately,  otherwise motivated judiciary will nullify the very basic tenets of democracy leading to 
A TUGHLAQ DURBAR!!"
Tughlaq+Durbar,Vijayramkumar,"Bengaluru, India","This da song ğŸ¤˜ğŸ¼ #BidenHarris2020
#KamalaHarrisVP
Check out Annathe Sethi (From ""Tughlaq Durbar"") by Arivu, Govind Vasantha on Amazon Music
https://t.co/LnJvbWiaXz"
Dim+Dip,Clgbuddybutton,"I wish I wasn't Florida, USA","@StormMela because they are idiots(Synonyms

airhead, birdbrain, blockhead, bonehead, bubblehead, chowderhead, chucklehead, clodpoll (or clodpole), clot [British], cluck, clunk, cretin, cuddy (or cuddie) [British dialect], deadhead, dim bulb [slang], dimwit, dip, dodo, dolt, donkey, doofus"
Dim+Dip,CassanovaPapi,,"@SatinAndChanel dim lighting. I focus my eyes on your spine, watching the white robe ease down as I peel it away before the dip above your plump ass reveals itself. I lick my lips, feeling myself grow beneath my own robe before I place a kiss to one shoulder then the other, turning away] Under&gt;"
Dim+Dip,uncommo74145335,"Toronto, Ontario","@sunlorrie who gives a rats behind what @FP_Champagne says? Like his dim party mates, he has zero understanding of ""big picture"" issues and even less an understanding of sustainable (or responsible) economics. Another slippery dip$#it lawyer entrenched with the globalist slime at the WEF/UN"
Dim+Dip,jpsmathers,,"$PLTR
I was really expecting a dip on this data analytical ticker but they appear to be moving forward regardless of political affiliation.

https://t.co/M6tj0hyIvL"
Dim+Dip,Kimi12112708,,@DeeMariefromSC @realDonaldTrump Dim wit snow flake cheers for what u know is stolen..dip sht.
Dim+Dip,chickenflan,United Kingdom,"@BobLobl53498620 @LarrySchweikart The election officials check date which is observed by reps from both parties. Trump went to court to prevent early counting in swing states. Voters posted the ballots. Hardly faith, it a fucking nailed on reality. I love Chinese food. Dim Sum with plum dip. Yum"
Dim+Dip,thestr8agenda,hell_420,it's dim sum not dip set yuh dumb ass
Maara,d_block_asser,Ondangwa Namibia ,"@AugustRiah No,  I don't think so. Maara check if it's there."
Maara,niyaspanthu,IND ğŸ‡®ğŸ‡³ | KSA ğŸ‡¸ğŸ‡¦,"@Suriya_offl @PrimeVideoIN @rajsekarpandian @gvprakash @nikethbommi @Aparnabala2 @editorsuriya @jacki_art @guneetm @sikhyaent @2D_ENTPVTLTD @SonyMusicSouth This is an international film by any standards. 
Niketh Bommi's DOP work is as exceptional as Suriya's terrific performance as Maara.
And Sudha Kongara, you beauty â¤ï¸
#SooraraiPottruOnPrime"
Maara,niyaspanthu,IND ğŸ‡®ğŸ‡³ | KSA ğŸ‡¸ğŸ‡¦,"This is an international film by any standards. 
Niketh Bommi's DOP work is as exceptional as Suriya's terrific performance as Maara.
And Sudha Kongara, you beauty â¤ï¸
#SooraraiPottruOnPrime @Suriya_offl https://t.co/zTUZrJQB95"
Maara,Immostlyinsane,Penang ,Fell in love with Kattu Payale all over again. Bommi &amp; Maara's chemistry ğŸ™ˆ Redefined equality in relationships.
Maara,GiveItGiggsehhh,,Cavani 1 goal maara par ChuMPB uske baare me 2 baar tweet Kar dia unreal
Maara,Hello_Dubai_ah,,@xAccioPeace hello. have seen you more in chai's tweets. your maara x surya tweet was â¤
Maara,rakesh_k29,Chennai ,"@Suriya_offl naâ¤ï¸ğŸ˜­ğŸ‰
Excellent film ğŸ‘Œ Couldn't come out of the movie. Undergone all the emotions. Hats off for such an amazing movie making and well deserved performanceğŸ‘ğŸ‘
Successfully completed watching it for the 4th .. still fresh â¤ï¸ğŸ¥º we love you MAARAâš¡

#SooraraiPottru https://t.co/uAOnvrz9SU"
Maara,David_anthony46,,"MAARA theme cover ğŸ”¥ 
#SooraraiPotru #GVPrakash #Surya #SudhaKongara #AparnaBalamurali 
Do watch and support....

https://t.co/TAEgvafuUv https://t.co/TSIvAuLNvQ"
Maara,PhindiBBT,,@Mraxs @danielmarven Maara lo makgakga. Northern Cape is known to have the most beautiful women. U won't know this because u used to dikobo tsa ko L....
Maara,its_oarabile,South Ah ğŸ“,"Ke mang o nale zaka maara mo rusty to buy franchise ya Uncle Faouzi 

Yeses Iâ€™m suffering"
Ichata+Vahanamulu+Nilupa+Radu,iamSushanthA,Facebook.com/iamsushanth,"Just hangin out on a ledge 2 floors high... How U Doin? ğŸ‘‹
(Throwback Thursday, not Tuesday)
#IVNR #NoParking
Ichata Vahanamulu Nilupa Radu https://t.co/Xw4BBmfvMw"
A+(Ad+Infinitum),nikadubrovsky,"London, England","Basically it is about how in order to follow a rule one has to have a separate rule about how to do that, and so on ad infinitum, so there is an inherent problem of infinite regress here. 2/"
A+(Ad+Infinitum),robbiedobbie73,unimaginably close.,"@malanalysis rough translation ""i need a cardboard box to .. GIMME A BOX!"" ad infinitum .."
A+(Ad+Infinitum),Sassafrasdreams,"Minor Outlying Islands, USA","@MaryFallWade1 @Bill_Maxwell_ @DeutscheBank His big error was in choosing to run in the first place in 2016. He would likely have escaped all investigation and could have continued his criminal enterprises ad infinitum, but his out of control ego took him for a fatal ride. 
My sympathies are with you. I hope 4 justice 4 u."
A+(Ad+Infinitum),Mantra1298,In God's  own County Yorkshire,"@TheMendozaWoman @rambo82ave Tory Party.

They are rancid.

Cut a diseased part off and another grows immediately.
More disease.
More hopelessness.
More greed.
More lack of humility and shame 
More cruelty
More hatred and division
More asset stripping the UK 

Ad infinitum"
A+(Ad+Infinitum),richardathome,"Sheffield, Uk","@ZeezoTeezo That would be Brexit. With no IT system ready at the ports, Kent about to become a portaloo / carpark, ...

I was going to carry the list on ad infinitum but I have 1/3 of a bottle of wine that wont drink itself..."
A+(Ad+Infinitum),lukemonowolabi,"Lagos, Nigeria","11) ad Infinitum...This is not only an informed prognosis, history will always repeat itself for those who don't learn from it...Wisdom has a limit, it is stupidity that has none."
A+(Ad+Infinitum),Neily1973,Cambridgeshire,@HorribleGrandma Whoâ€™s peddling this idea? I havenâ€™t seen much of it tbh. I think the tax system could do with an overhaul. Â£25k tax free and then a uniform % thereafter ad infinitum.
A+(Ad+Infinitum),FiniThe,gay nashville,"@demonfloss this is me with my vape i take a hit, i feel bad, i give it a minute, i feel worse, so i hit it again, which levels me back to just Bad, repeat ad infinitum"
A+(Ad+Infinitum),adamdrakon,"Victoria, Australia","@Xena06968382 @tonialenjr @lotitobass @murray_nyc @realDonaldTrump You're still not getting it. Until you realize that a turd sandwhich is no better than a giant douche, you will be doomed to repeat this cycle ad infinitum."
A+(Ad+Infinitum),megazeraora,TX,"Personally, I find fanfiction about real people (if it's not just a silly sfw crack/joke fic), especially explicit fanfics, very weird. However, I realize that if it's entirely banned from AO3, they'll just move to ANOTHER archive of their own, and then another, ad infinitum"
Trip,djuribes7712,,@SwiftHitter Crap start and trip last time out against 2... extra 1/2 furlong should help... check that replay
Trip,MartinsvilleEl1,,"Veterans activities part 2...

4th graders took a walking field trip to visit our community Veterans memorial park...what a wonderful learning experience! 

Several students found names of their relatives on the brick path.

#weloveourveterans https://t.co/AbZbA5jZRk"
Trip,lawyerfucker,"MontrÃ©al, QuÃ©bec",@beaniefeenie What helps me bc I value efficiency (in terms of doing multiple things in one trip kinda thing) is when I â€œtrickâ€ myself into doing a thing by doing an adjacent thing and then when Iâ€™m there half the time my brain is like oh fuck weâ€™re so close if we do it now it would be so
Trip,FuckKennyJ,somewhere sad,@CatchinBodies_ @eddiemac922 I'll be in Charlotte soon don't trip bro bro
Trip,cozychica,"Denver, CO.",@CrystalFinds Wish I was going on long trip somewhere. https://t.co/89ehf6nP4o
Trip,nurseratchel1,United States,"I was asked to speak at my grandmaâ€™s funeral. 

â€œThis one time when I was 15 and angsty, she took me on a road trip to Canada. She let me talk about becoming a Buddhist and smoke clove cigarettes. She let me drive about 100 miles in her Buick. We went to a casino (ğŸ˜‚ğŸ˜¬), so fun!â€"
Trip,bethanyjadams,"Philadelphia, PA","I have not seen my family in TX in over a year. Motherâ€™s Day trip cancelled. Summer trip didnâ€™t happen. And now, I canâ€™t spend the holidays w/ them. The rest of the country is sacrificing and being forced into restrictions that our leaders do not follow. This has me steaming! ğŸ˜¤"
Trip,sokim_mid,"Tulsa, OK",Idc how fine you are. If you boring Iâ€™m not gon trip on you.
Trip,SaSquats,IG: SaSquats,This trip was supposed to be a getaway to decompress and in a lot of ways it has and in others itâ€™s been the most stressful thing ever
Trip,secwonk311,169.254.133.24,"@ElJefeDSecurIT 2/29.  Got back from a work trip, was discussing social distancing with my boss as we came over the pass, and I thought â€œyep, f.  heâ€™s right. Ok, Iâ€™m indoors now.â€

Since then, have only left the house for absolute essentials and to move, and have been wearing this every time. https://t.co/JxK4KqfPJq"
+Ka+-The+Forest,ak_forest,"Naalya, Uganda","@MimiHearts1 Short guy isn't dating, rather his ka money is dating"
+Ka+-The+Forest,Phuvakorn_Focus,,"When I feel like I'm trapped in a forest of worries because I don't care if I'm worried, I say ""Well!"".
It is recommended that you have a bright voice and pronounce ""ka!"" As high as an octave above ""maai"" to create a more persuasive ""maaikka!"". https://t.co/tdzLQ7BvMk"
+Ka+-The+Forest,Mr_MadzhieTV,Johannesburg,@TondieNema Akere wena o flexa ka di trip I mean no need for themif you waking up by forest there ğŸ˜
+Ka+-The+Forest,jjkshine_ka,pelosok bumiâœ¿,"@peacheeps This is our natural resources. 
We love forest, and we love Papua.

#SaveHutanPapua
#savepapua
#SavePapuaForest
#SaveHutanIndonesia"
+Ka+-The+Forest,jjkshine_ka,pelosok bumiâœ¿,"@forjungs We love forest we love papua

#SavePapuaForest 
#SaveHutanPapua 
#SaveHutanIndonesia"
+Ka+-The+Forest,hafilarunaksis,,"@miungkoo_ Dom Purbalingga Jateng
Wish me luck ğŸ’œ, thanks for GA ka miu ğŸ’œğŸ’œğŸ’œ

We love forest we love Papua

#SavePapuaForest 
#SaveHutanPapua 
#SaveHutanIndonesia"
+Ka+-The+Forest,jeliTa_ka,~Multifandom~,"@winkristtps We love forest we love papua

#SavePapuaForest
#SaveHutanPapua
#SaveHutanIndonesia"
+Ka+-The+Forest,jkwasikye,"Kampala, Uganda","enormous. Releasing EIGHTY jerricans of water per minute,that's about 1600litres of water even when it's kept in that ka forest green.

#Kamama has anchored us at #FarmGates,she has been a loyal servant to her master."
+Ka+-The+Forest,alabilukman,Nigeria,@Chukwu_Ka_ @AishaYesufu Moreover is drop your weapon and take scholarship. Shakau go finish for forest. ğŸ¤”
+Ka+-The+Forest,LoreinneDeziree,my home.,@danicabautistaa oh bat ka forest
Panni+Kutty,Paulste60252193,,Heyy panni kutty.. Fr being a airforce officer Height is nt required.. Yedhuna paesno nu yedhedho olaraadha.. NÃ©e asinga pattachi.. Even you knw tht.. ğŸ¤­ https://t.co/5YVh6KNsDc
Panni+Kutty,Meenakshi_KFF,Chennai,@kavin_fp @Kavin_m_0431 Wow evlo clear ha panni irukka ğŸ˜˜ğŸ˜˜ğŸ˜˜pooja kutty always great ğŸ’—ğŸ’—ğŸ’—
Panni+Kutty,Nive_athlete,track & field ,"@Siva_Kartikeyan  Anna long days aporam panna ...mudija appatiya pathutu pogana..

Always happy kandipa notice panni erupikağŸ˜â™¥ï¸take care health is important sleep wellğŸ˜
Love you my Anna kutty...â¤ï¸ğŸ¥³ğŸ¥³ https://t.co/TfQqAuQ66F"
Sabash+Naidu,TheHatmanTweets,He/him,"Time for #RKFI (Random Kelvi For Inikku) 

To mark the #KamalHaasan232 announcement, here's this week's question

Apart from #Vikram, which #KamalHaasan character would you like to see a spinoff of?

Basically... ""Sabash Naidu maadhri idhu actually vandha nalla irukum""  

#RKFI28"
Sabash+Naidu,anbknaga,"India, Chennai","@SunOfGan @ganesh_jrg Sabash Naidu was shelved I guess. Indian 2 therla, but this is Lokesh, so he will finish the shoot in 3 months max. He has done it before and Kamal also has shot in 3 months timeframe in Thoonga Nagaram &amp; Uthama Villain or something."
Sabash+Naidu,BadCop31262654,,@blindboy1010 Kamalhassan born for copying  Hollywood movies anyway till he assigned sabash Naidu indian2 now these any way field out hero who cares about Dormex TV hero kakusuhassan
2+States,Toma32672477,Divided States of Mars,"@sportshermit @NJjacobs1 @realDonaldTrump Statistically speaking he will at least hold 7 million lead.
New York votes counted: 81%
Calnifornia: 93%
New Jersey: 93%
Illinois: 92%
All blue states, potentially bringing 2 million more votes for Biden."
2+States,Satiristas,United States,"Here are the bottom 10 states on healthcare cost, access and outcomes combined:
1. Georgia
2. Louisiana
3. Alabama
4. North Carolina
5. Mississippi
6. Arkansas
7. Tennessee
8. South Carolina
9. Texas
10. Alaska  https://t.co/mpYKiOkJ07"
2+States,DarleneCypser,Colorado,"@UMNBookworm Article I, Section 2 of the United States Constitution states: ""Representatives ... shall be apportioned among the several States... according to their respective Numbers...."" A few other parts apply but none prohibit Congress creating a cap."
2+States,grace_hauck,"Chicago, IL","5 states announced new coronavirus-related restrictions Friday. And Dr. Moncef Slaoui, scientific head of Operation Warp Speed, said 2 vaccines and 2 therapeutics could receive EUA before end of the year, with 20M people receiving vaccinations next month. https://t.co/PfOZi9dYY5"
2+States,Nyc5York,New York City ,@realDonaldTrump Joe Biden won the election with 306 Electoral votes. Isnt that the number you won with ? But this time Joe destroyed you. Turned 2 Red States Blue. And do NOT threaten my State. My Gov will destroy you with words you wont understand. You are going to jail !
2+States,libre_et_suisse,switzerland,"@chrislhayes @gtconway3d Pope Francis was elected by a majority of 120 cardinals. There are ~1.2 billion Roman Catholics in the world

Great system!

AntÃ³nio Guterres was elected by 193 countries. There are ~7.8 billion humans

Great system!

The president presides over the united States

Decent system"
2+States,ArensMaurice,"Florida, USA","@atrupar @Acosta FACT: 
2 states are in recounts.
Pennsylvania is an audit, recount and canvas. Ballets after the 6 correction period and now void.
Pulse more lawsuits.
In audit's double, incomplete and unidentified ballets are rejected.
280 sworn affidavits have been filed."
2+States,St3v0_24,,@GramsciFag69 @EricBoehlert Narrowly???? Don't think that word means what you think it does. Biden is going to win by a greater % than we've seen in quite some time. Flipped 2 reliably red states and rebuilt the blue wall. Do yourself a favor and do some research so next time you don't look as dumb.
2+States,michael_tarnoff,,"@PamKeithFL Not without 2/3 majority in both houses of Congress, and 2/3 of the states.  It ain't gonna happen."
2+States,glenmauser,,"@kilmeade @foxnewsradio Not only did Biden kick trumps ass, he took 2 republican states.. love how you sugar coat that!!!"
Cobra,loubearmylove,ur moms wap,"@stylexgolden wet-ass pussy
Look, I need a hard hitter, I need a deep stroker
I need a Henny drinker, I need a weed smoker
Not a garden snake, I need a king cobra
With a hook in it, hope it lean over
He got some money, then that's where I'm headed
Pussy A1, just like his credit
He got a beard,"
Cobra,eyalfeed,"Planet Eyal, Shandral System","Codie(2 higher rogue) was splattered to death by a king cobra on Trollmire 3.
https://t.co/TPMw34i48j"
Cobra,momsbyof3,Canada,Watch out Trump the Cobra Chickens are going to get you! https://t.co/um3eWwuojQ
Cobra,boppaPSN,Deep Space,"@smorganmoore It's a bonus that all three shots contain a Cobra MkIII (not pink tho, but we can't have everythingğŸ™ƒ)"
Cobra,fakeaf_,"6, California",@EDDYOUNGBOY I like a good beer but if I ainâ€™t at the bar w someone sexy I am drinking me some cobra lol
Cobra,WandiaGiteru,"Kerugoya, Kenya.","But there's hope for those who suffer for Christ. There will be glorification. Even the animals will receive their long awaited freedom.

[vs: 8]  The infant will play near the hole of the cobra,
  and the young child put his hand into the viperâ€™s nest.
#GlobalWordVigil https://t.co/D2XdsJGrDk"
Cobra,nataliawraggm,"Santiago, Chile",stanning cobra starship https://t.co/gsP6xyK5i1
Cobra,paulEdw78526396,"Armadale, Scotland","@cheryllynmartin I always imagine people with visible and striking tattoos sat in the sunshine chair at the nursing home, unable to feed themselves and stinking of their own piss. Sat there with a full arm sleeve of a cobra or a skull with a snake crawling trough itâ€™s eye. Very Classy"
Cobra,IpsaHerself,,"rainy season--
a cobra's s
through the floodwater

#8wordspoet"
Cobra,ArekuGemu,Philippines,"ok so lets start this
Height: 5'6 
Shoe size: idk i don't remember! just imagine big foot
Zodiac: Taurus
Tattoos/piercings: n/a 
Favorite Color: Black, Grey, red and purple
Favorite drink: Cobra energy Drink!
tags
@namae_art 
@Official_Isamu 
@PIEPLAYS1 
@Wakeych 
@Mitsumono_Rin https://t.co/B6OHVx7VFK"
Virataparvam,FilmyFocus,"Hyderabad, Telangana","Rana Daggubati back to the shoot after ages.!

@RanaDaggubati #Hiranyakashyapa, #Miheeka, #MiheekaBajaj, #Rana, #RanaDaggubati, #Virataparvam"
Virataparvam,kayaldevaraj,,"@RanaDaggubati excited about stepping out for an outdoor shoot 

#RanaDaggubati #Tollywood #Aranya #VirataParvam https://t.co/DAOxFUgUlt"
Virataparvam,FreaksCelluloid,"Andhra Pradesh, India","ğŸ‘‰ Follow @FreaksCelluloid For More Exclusive Filmy Updates ğŸ¬ğŸ’¥

@RanaDaggubati #VirataParvam 
@Sai_Pallavi92 @SureshProdns https://t.co/AMqVDpXe6i"
Virataparvam,HydTimes,Hyderabad,".@RanaDaggubati excited about stepping out for an outdoor shoot 

#RanaDaggubati #Tollywood #TollywoodActor #Bollywood #Aranya #VirataParvam #ShootLife #NewNormal 

https://t.co/D31Dl88wTm"
Virataparvam,HydTimes,Hyderabad,"A super-happy @RanaDaggubati, excited about heading for an outdoor shoot after long ğŸ¬

#RanaDaggubati #Rana #Tollywood #TeluguCinema #TollywoodActor #Aranya #VirataParvam #Bollywood #NewNormal https://t.co/45pAw3W7JY"
Virataparvam,RanadaggubatiF,Worldwide,"@RanaDaggubati back to shoot ğŸ”¥ğŸ”¥â¤ï¸â¤ï¸ Nxt is loading 

#VirataParvam !! #ranadaggubati https://t.co/ey2K8iOYaO"
Virataparvam,WeTelugu116,"Hyderabad, India","Interesting Title for Rana's Horror Film @RanaDaggubati,@SureshProdns #RanaDaggubati #SureshProductions #VirataParvam #Dheerudu #GopinathAchanta https://t.co/S8OKioUy8B"
Virataparvam,Movie_Updates__,,#SureshBabu planning to sell satellite rights of #Narappa and #VirataParvam movies as a combo pack
Virataparvam,HydTimes,Hyderabad,"#RanaDaggubati opens up about his upcoming projects with #PawanKalyan and #Venkatesh 

#Tollywood #TollywoodActor #ShootLife #Aranya #VirataParvam 

https://t.co/Hrml6qmuG5"
Virataparvam,Yeruvaka99,"Vijayawada, India",#SureshBabu planning to sell satellite rights of #Narappa and #VirataParvam movies as a combo pack
Student+of+the+Year+(Telugu),upmanyu_akash,New Delhi,"https://t.co/DXDhaduGM8 
Country shedding pretentious tears on a bollywood actor's suicide should atleast know and ponder upon the broken system of education..so much for Naya Bharat
https://t.co/le9zYaL40o"
Student+of+the+Year+(Telugu),BLDADHICH,"Salkia, Haora","#Jobless_Economy
#modimadedisaster
Suicide by LSR student in Telangana; family says hit by lockdown, unable to fund studies

The family of the 19-year-old, who had scored 98.5 per cent in Class 12, said she left behind a note written in Telugu.

https://t.co/ZR8Ox5hqWx"
Student+of+the+Year+(Telugu),cobrapost,Noida,"Suicide by LSR student in Telangana; family says hit by lockdown, unable to fund studies.

The family of the 19-year-old, who had scored 98.5 per cent in Class 12, said she left behind a note written in Telugu.

 https://t.co/a83AKtRfGP"
Student+of+the+Year+(Telugu),KoshikSingh5,"Jammu, Jammu And Kashmir","https://t.co/de6btxkhz9 

Shared by Indian Express android app. 
Click here to download 
https://t.co/xBbCN25ugr"
Student+of+the+Year+(Telugu),Priyank02868668,,"https://t.co/vNIJkPyoJg 

Shared by Indian Express android app. 
Click here to download 
https://t.co/F06jE6iMuQ"
Student+of+the+Year+(Telugu),Ind400001,,"Suicide by LSR student in Telangana; family says hit by lockdown, unable to fund studies https://t.co/zX1PPlz0Gk via @IndianExpress 

The family of the 19-year-old, who had scored 98.5 per cent in Class 12, said she left behind a note written in Telugu."
Ranga+,Itz_BPOfficial,"Tamil Nadu, India","En intha time la Teaser vidu ranga?
Any reason? https://t.co/uZejy6Jqgg"
Ranga+,kusi1956,"Anugul, India",@Asifrahmanmolla How about a Twin Statue if Ranga-Bila?
Ranga+,matka_ranga,,"confetti by @LittleMix is âœ¨magnificentâœ¨ #STREAMCONFETTI 
thank you queens for this masterpiece! â¤ï¸"
Ranga+,Gold_Ranga,Edmunds' Planet,@Trenchman003 Yep and with only the popular vote it wouldnâ€™t even be close.
Ranga+,Trenchman003,,@Gold_Ranga aMeRiCa Is A cEnTeR rIgHt CoUnTrY! https://t.co/sv310WBN5Z
Ranga+,Gold_Ranga,Edmunds' Planet,@mister_manlyman Basically lol
Ranga+,mister_manlyman,"Washington, DC",@Gold_Ranga but all the ones that matter for BidenğŸ˜‚
Ranga+,SUCHISL32236780,"Wisconsin, USA","@Gold_Ranga Does that blouse make her look fat?
This i wouldn't say to any real woman. Just for your information."
Ranga+,ryfoto,"Arizona, USA",@Gold_Ranga I hadnâ€™t realized that. Interesting.
Ranga+,Gold_Ranga,Edmunds' Planet,"Final: 25 states for Trump, 25 states(plus DC) for Biden."
Cinderella,lmharrysbitch,harryâ€™s right thigh,he is cinderella. iâ€™m the mice AND prince charming. yes. https://t.co/N2SSg44Vn9
Cinderella,crnkapa,lost in diziland,"Is it alarming that I still remember and can do step by step of the mirror routine from Another Cinderella Story?
...
Yeah"
Cinderella,Dmac616,,@ReturnofR Tesla.  Kix.  Warrant.  Cinderella.  ... see where Iâ€™m going here?  :)
Cinderella,stripyghostman,she/her,being excited for cinderella but not liking alw is giving off the same vibes as being a hamilton stan but hating lmm help
Cinderella,stripyghostman,she/her,i know everyone hated bad cinderella but iâ€™m so excited for cinderella to open ğŸ˜­ğŸ˜­ğŸ˜­
Cinderella,KardashiansOnFS,United States,Kourtney Kardashian transformed into Cinderellaâ€™s fairy godmother for Dream's birthday party and we're obsessed with her incredible costume! https://t.co/IDTpgXPRoA
Cinderella,Samid44405552,,"@AlanHiggins4 @realamberheard And by the way....I love your writing especially when u describe Jonny as a ""violent actor"" ( The Villian )....and beloved Amber heard who suffered in the hands of drug fuelled person.......Alan did heard hire you for her upcoming cinderella movie.ğŸ˜‚ğŸ˜‚"
Cinderella,huesofhodges,"Madison, Alabama",I donâ€™t think it really truly hit me until now. The catâ€™s name in Cinderella is Lucifer.
Cinderella,MementoSoloman,The Thunderverse,@Odd_Cinderella @CBR @DCComics It clearly is.
Cinderella,live999radio,United States,ICYMI: The woman on the phone with us today is using our show to do her dirty work and it might be one of the most uncomfortable calls weâ€™ve ever done. https://t.co/Z0QRitJxmz
Hero+2019,GaribaldoValdez,,"APSA 2019, the first panel I ever put together w/ so many wonderful scholars in attendance. On reflexivity, of all topics.

T. Pachirat had been my academic hero for a while; he was the moderator. The rest played out wonderfully. Oh, and I got great feedback. https://t.co/fA9RfAH0Hn"
Hero+2019,Cristin339,United States,"@Diane_Keaton If this is really your SM account, &amp; this article is true-ish... https://t.co/svb0xvvAtH I love u even more. U are my female hero ğŸ’•ğŸ’•ğŸ’•"
Hero+2019,Stuntmann7,,Defo. The unsung hero of the 2019 9er defense. Took on all the double teams and did the dirty work for Nick and Armstead to have breakout years.  Miss my guy ğŸ˜¢ https://t.co/46lX3gNlu3
Hero+2019,Hero_of_Univers,Karachi Pakistan,"""Hell will belong to those who hold religious gatherings,"" I mentioned in 2019 for God's sake. Now scientists are also satisfied because of #COVID19.

https://t.co/RYyCB3ozSQ"
Hero+2019,nicochico_spl,,"Answer was 2. I did play Carbon Roller Deco for a long stretch in 2018 and early 2019, being the first weapon I mainly played for a long time. Splat Charger and Hero Charger Replica both have &gt;500k turf, so over 1M combined. (...)"
Hero+2019,tdbknation,,"@totokicks this is j an article but it has the drama cd translations. i didn't even realize they did it again i only ever was around for the first drama cd ep where they did the same thing basically lol 

https://t.co/FIwjGZ9kxi"
Hero+2019,ITUADE,"MÃ¼nchen, Bayern","HelloFresh, Delivery Hero und jetzt noch DoorDash an der BÃ¶rse

Overall, in the nine months through September its net loss narrowed to $149 million, the prospectus shows, compared to a net loss of $533 million in the same period of 2019.

#DAX30 #NYSE

https://t.co/L6A18tX6fy"
Hero+2019,UrstrulySai33,"Ajman, United Arab Emirates","Only current generation hero in Tollywood to have two hattrick movies which are ended up in Top-5 at boxoffice

2011 Dookudu 
2012 Business Man
2013 SVSC

2018 Bharat Ane Nenu
2019 Maharshi
2020 Sarileru Neekevvaru
Babu ğŸ”¥
#SarkaruVaariPaata &amp; @UrstrulyMahesh
#TheGraciousSSMB"
Hero+2019,Ankush_The_Hero,,"@Dhanraj_42 @BCCI @SDhawan25 @Jaspritbumrah93 @navdeepsaini96 There are few things wrong with this image
1st: This Image is outdated, it was probably made in 2018, Now three players have broken Dhawan's record in 2019 (Max O'Dowd with 702, Kevin O'Brien with 729 and Paul Stirling with 748 runs.)

(1 of 3)"
Hero+2019,sider_uw,"Upper West Side, Manhattan","@FiDiResidents @homeless_hero @NYCDHS @savetheuws Which private shelters are these you refer to, supposedly not counted here? https://t.co/W5ZQM3m9ep"
Gundamma+Katha,Anushka38015972,,"Gundamma katha-Lakshmi 
Lovers like here ğŸ˜ğŸ˜ğŸ˜
Always this most fav character ğŸ˜ğŸ˜ğŸ˜ğŸ˜â¤â¤â¤ğŸ˜ğŸ˜ğŸ˜ğŸ˜
#mahanati #legendsavitrimağŸ˜
#MahanatiSavitriBdayFestival https://t.co/YeFuGDBKiO"
Bombhaat,Bombhaat,,"The best combo's for ever..
#Bombhaat https://t.co/gaBIXl9QPU"
Bombhaat,Bombhaat,,"Happy b'day to the founder of Air Deccan @CaptGopinath sir 
#SooraraiPottru 
#AkaasamNeeHaddhura 
#Bombhaat https://t.co/J48tFAfhn3"
Bombhaat,Bombhaat,,".@PUBGMOBILE is coming back with a specific Indian version and a separate Indian subsidiary, PUBG Corp has confirmed. 
@PUBG #PUBGMOBILE
#pubgmobileindia
#Bombhaat https://t.co/jdgxmta39E"
Bombhaat,Bombhaat,,"Actor Asif Basra was found hanging in a private complex in Dharamshala. #RestInPeace #AsifBasra
#Bombhaat https://t.co/G9cu2mHJUT"
Bombhaat,Bombhaat,,"Supreme Court takes up plea wanting control and censorship of digital OTT platforms.
#Bombhaat https://t.co/Rxk7u88eVm"
Bombhaat,Bombhaat,,"This winter could be colder than usual in Hyderabad.
#Hyderabad 
#Bombhaat https://t.co/LexQbhuIGL"
Bombhaat,Bombhaat,,"Young &amp; Dynamic @AkhilAkkineni8  completes 5 Years in TFI
 
#5YearsForAKHILinTFI 
#Bombhaat https://t.co/dqSc3soIDa"
Bombhaat,Bombhaat,,"Congratulations To Darling #Prabhas For Completing 18 Golden Years in the industry 
#18GloriousYearsOfPrabhas 
#Bombhaat https://t.co/jUEq147a8n"
Bombhaat,Bombhaat,,"â€œEducation imparted by heart can bring revolution in the society.â€

 #NationalEducationDay
#NationalEducationDay2020 
#Bombhaat https://t.co/onVJtKBgnj"
Bombhaat,Bombhaat,,"ğŸ†ğŸ†ğŸ†ğŸ†ğŸ† 
CONGRATULATIONS 
#Mumbaiindians 
#OneFamily 
#MumbaiIndians #MIvDC #Dream11IPLFinal 
#Bombhaat https://t.co/eONyXWDZQN"
Uppena,ABCCluborg1,,"Hello @Mic_Uppena, being out of school and not being to see friends is a bummer! Here's a free e-book to help your students see how we can help each other and hopefully help them cheer up! We are all in this together! https://t.co/jia8q33pjd"
Uppena,Vaasu_Tweets,"Philadelphia, PA",Humming recent favorite #DhakDhakDhak composed by @ThisIsDSP from #Uppena @aryasukku @IamKrithiShetty looking forward for the movie https://t.co/I0zVf5B4J8
Uppena,KhadeerOffl,Telusu ko bro,"#Uppena @MythriOfficial release date announce chesey yande meru kuda....

#SoloBrathukeSoBetter in Theatres this December... https://t.co/nBoq2tovWh"
Uppena,chai_ravipati,"Inkolluâ†”Chennai, India",#Uppena Songs â¤ï¸â¤ï¸â¤ï¸ @ThisIsDSP 's Best after #Rangasthalam
Uppena,krithiFanTrends,India,"Million Love for the Love Melody #Ranguladdhukunna from #Uppena ğŸŒŠ

https://t.co/rHqklhE0RL

A Rockstar @ThisIsDSP musical ğŸ¶

#PanjaVaisshnavTej @IamKrithiShetty https://t.co/xNjuVhJbWK"
Uppena,isatruelover,India,"#Uppena #Rangde tho Vintage DSP music vasthe..
#Krack tho Vintage thaman music vachindi."
Uppena,kumarswamyv143,"Hyderabad, India","Relive your Love Memories with #Ranguladdhukunna song from #Uppena ğŸŒŠ
ğŸ‘‰ https://t.co/OwD1pWyiad

A Rockstar @ThisIsDSP musical ğŸ¶

#PanjaVaisshnavTej @IamKrithiShetty #YazinNizar #Haripriya @ShreeLyricist
@BuchiBabuSana @aryasukku @SukumarWritings @MythriOfficial @adityamusic https://t.co/yPRGkPtoiu"
Uppena,tazacinema,"Hyderabad, India","Relive your Love Memories with #Ranguladdhukunna song from #Uppena ğŸŒŠ
ğŸ‘‰ https://t.co/riyRqp721a

A Rockstar @ThisIsDSP musical ğŸ¶

#PanjaVaisshnavTej @IamKrithiShetty #YazinNizar #Haripriya @ShreeLyricist
@BuchiBabuSana @aryasukku @SukumarWritings @MythriOfficial @adityamusic https://t.co/n6i8Wh0dTo"
Uppena,Mahmoud28191285,Beirut,"{""publishedAt"":""2020-11-13T10:13:16Z"",""channelId"":""UC9ib9Jpe0KAB_G6Ma7GdJoQ"",""title"":""#upeena_movie 3rd song what's app status video  more video's follow on instagram"",""description"":""laluprasad_editz \\ follow Mr_lee_Editz #uppena"",""channelTitle"":""Laluprasad editz""}"
Uppena,sagar3091,,"Relive your Love Memories with #Ranguladdhukunna song from #Uppena ğŸŒŠ

ğŸ‘‰ https://t.co/ykG9a5hg4C

A Rockstar @ThisIsDSP musical ğŸ¶

#PanjaVaisshnavTej @IamKrithiShetty #YazinNizar #HariPriya @MythriOfficial
@BuchiBabuSana @aryasukku @SukumarWritings @adityamusic https://t.co/gNuTaw5zS9"
Dracula+Sir,SparshaGiri4,"Kolkata, India","@OfficeBengal What's happening don't know...the movies we we're expecting to become a Hit atleast like SOS Kolkata, Dracula Sir, Switzerland are not able to be an average also at the box-office...I think it would have been better to release Switzerland next year or Dec 2020...anyways let's see"
Dracula+Sir,SexAndHorrorTXT,hell,"@SexAndHorror Illustration cropped from the theatrical poster for Count Dracula and His Vampire Bride (1973), also known as The Satanic Rites of Dracula.
 
Starring Sir Christopher Lee and Peter Cushing."
Dracula+Sir,decadentbat,ğŸ·ğŸ¦‡,today i found out sir christopher lee has heavy metal albums on spotify and also audiobooks. currently listening to him reading dracula. it's a good friday 13th
Dracula+Sir,TheAvenger616,Usually Earth #616,"@boss_carnage @LeviDoesCW Um, sir. Superheroes do not lie. 

Dracula might, but he said scout's honor so I choose to believe him."
Dracula+Sir,TheFinalGirlsUK,"London, England","ğŸš¨NEW EPISODEğŸš¨ Our Vampire season kicks off with a triple-bill of Dracula adaptations! We're joined by vampire expert @VampireSorcha to talk about the very different Dracula films starring Bela Lugosi, Sir Christopher Lee and Frank Langella. 

ğŸ§ OUT NOW: https://t.co/KS09psqesr https://t.co/rmPwbtXb0s"
Dracula+Sir,angieb_blasko,"Spooky towers, UK","@Sean_1968 @DUHDNews @markusen_s I hate ranking anything ,but , my personal favourites are 
Dracula 1931 Bela Lugosi 
Bram Stokers Dracula Gary Oldman 
Dracula Sir Chris 
Dracula Prince of Darkness Sir Chris
Nosferatu 1921 
For good measure Klaus Kinski Nosferatu the Vampyre for stunning visuals &amp; soundscape"
Dracula+Sir,DipswitchDan,"Milton, Wisconsin","@HacktheMovies Dude. I bought Dracula Unleashed for PC for 25 bux CIB.
Your move, sir.
#MoneyMoves"
Dracula+Sir,Deinnara,"Ohio, USA","@RottenTomatoes An old #Dracula movie I watched on #Halloween. Sir Lawrence Oliver had some kind of east-European??? accent.  It was painful to listen without hitting the mute button.
#Movies"
Dracula+Sir,D4vidBlake,"Budapest, Hungary","@Dasacht @linzer_art Yuuuuupp Sir Christopher Lee was a badass!
He played Dracula, Saruman, Count Dooku in Star Wars, singed opera, apeared in a metal album, was a cousin to Ian Fleming &amp; therefor one of the main inspirations of James Bond &amp; some of the stuff he did in WWII is still classified! https://t.co/T2YgJXrfCa"
Dracula+Sir,Andy__Ford,,"@wabbey The Dracula fan in me wants to say Sir Henry Irving, but I donâ€™t know if thatâ€™s correct."
Brahmastra,Brahmastraa1,New Delhi,"à¤¦à¥€à¤ªà¤• à¤•à¤¾ à¤ªà¥à¤°à¤•à¤¾à¤¶ à¤¹à¤° à¤ªà¤² à¤†à¤ªà¤•à¥‡ à¤œà¥€à¤µà¤¨ à¤®à¥‡à¤‚ à¤¨à¤ˆ à¤°à¥‹à¤¶à¤¨à¥€ à¤”à¤° à¤–à¥à¤¶à¥€ à¤²à¤¾à¤! à¤¶à¥à¤­ à¤¦à¥€à¤ªà¤¾à¤µà¤²à¥€ !!
As we celebrate the festival of lights, Team #Brahmastra wishes you and your loved ones a #happydiwali! Have a festive weekend and stay safe! #Diwali #diwaliwishes #diwali2020âœ¨ https://t.co/ldar2VXwMP"
Brahmastra,WIONews,India,"#InPics | From Alia Bhatt- Ranbir Kapoor coming together in 'Brahmastra', to Prabhas-Pooja Hegde's 'Radhe Shyam' - here's a list of fresh movie pairs

https://t.co/BYtTIOd4aH"
Brahmastra,ipomoeaalba,"Istanbul,Turkey","@SavageK21048921 Only 3 could use brahmastra: Arjun,Karn,Ashwathama. And thats only the myth or legend.. dunno... And d specÄ±al mantra Ä±n use was probably Brahmmantra. ( The weapon of Brahma) Nowadays all mantras are Ä±n use Ä±n yoga. not war."
Brahmastra,SavageK21048921,,"@ipomoeaalba For example,brahmastra can be used to kill a human or destroy entire universe,it depends on the energy level of the invoker. 
A nuclear bomb is not controllable."
Brahmastra,SavageK21048921,,"@ipomoeaalba Even we have,it doesn't matter Pakistan has nuclear weapons but it doesn't know how to intercept ICBMs,we know.
Also we have more advance nuclear programme.
However brahmastra and nuclear weapons are different,brahmastra can be controlled by the one who launches it.."
Brahmastra,SavageK21048921,,"@ipomoeaalba Pakistan has nothing,brahmastra cannot be invoked by illiterates,it needs a special mantra with certain sound frequency and same tune with concentration,none of the human alive today can do it."
Brahmastra,SavageK21048921,,"@ipomoeaalba Quote from bhagwat gita,talks about brahmastra,I hope you know it ;)
And India knows when to use."
Brahmastra,Movie_Updates__,,"After #Shamshera and #Brahmastra, #RanbirKapoor to pair up with #ShraddhKapoor for a rom com under #LuvRanjan direction. Set to go on floors post Diwali in Mumbai. Later on in Spain. https://t.co/44uriMdjze"
Brahmastra,AMadhyapandava,,"// Arjuna- It toasts bread, Karna... Probably burns hotter than your Brahmastra too. https://t.co/1UK70nXynk"
Brahmastra,shahrukhdevdas2,"Toronto, Canada",@safarnamaaa Shamshera for sure. Brahmastra remains a waiting game.
Greenland,RampBot,,"I bet we could get a pretty good deal on buying Greenland right now.

-@RampCapitalLLC, 2020-05-15"
Greenland,MobiWan2015,South Africa,"So,  I'm watching the @PrimeVideo Greenland and the first half an hour is soooo frustrating to watch cos of certain characters' decisions - which is understandable in a crisis #newmovies"
Greenland,jasonm8yer,Idaho,@chrislhayes Definitely buying Greenland
Greenland,lucyinglis,Department 34,"I'm upping this because the current situation for First Nation people in Canada and Greenland now is desperate, and it's something we all need to see. https://t.co/DDzjRPuvje"
Greenland,lit65539723,,"@DiogoCadarn @slovborg If you like.

There is no political situation that could arise that would see Denmark willing cede Greenland to the United States. It would require conquest and the total collapse of NATO to achieve.

Kinda hope it happens now but my point remains lol"
Greenland,areck0001,"Ashland, KY",him and the cult want to move there. to greenland. and have their own political apparatus. https://t.co/7tbPP51TfH
Greenland,DiogoCadarn,,"@lit65539723 @slovborg The Amazon contains at most 10% of the economy of Brazil, its importance lies more in its potential. A better comparison would be Denmark and Greenland."
Greenland,NoHickies1,,Watchin Greenland
Greenland,jack_tueting,VA-05,Ambassador to Greenland Roger Marshall
Greenland,areck0001,"Ashland, KY","Where to Greenland? That's between you all and Greenland and maybe Denmark. Like they want us to let them leave fine, but they want to invade and take over Greenland. https://t.co/pqd680hZni"
Sarojini,dcp_southwest,Vasant vihar Dcp office ,"@Sarojini_SMSA @DelhiPolice @DCPSouthDelhi @DMSouthDelhi @CPDelhi SHO/Sarojini Nagar has been directed to take necessary action.
Thank you for contacting DCP/South West."
Sarojini,Anitanegidubey,"Dehradun, India","@amazonIN Deal price of Redmi 9A is rs.  6799

Here's my screenshot

#AmazonFinaleDays 
#AmazonSpecialsRedmi9A
@amazonIN 
Join
@sarojini_negi 
@poonamtrilok659 
@JayshreeMalhot6 https://t.co/GKNvGFI7Vw"
Sarojini,SunOfGan,Chennai,"This was exactly the same place where we would have had Kasta kachori had we gone to sarojini market and the bomb blast happened exactly at around 6 PM.

(10/n)"
Sarojini,SunOfGan,Chennai,"Then he was like - watch news right now,

We switched on the TV to see the news of bomb blast in Sarojini Nagar market. All of us went and hugged each other. We were all literally crying and thanking that distributor. (9/n)"
Sarojini,SunOfGan,Chennai,"At around 7 in the night, appa who has a train from Chennai called up chithappa's mobile and was asking, where are we? Are we all safe ? If everything ok?

Chithappa was like. We were supposed to go to Sarojini Nagar market but cancelled our plans right at the last moment. (8/n)"
Sarojini,SunOfGan,Chennai,"In those days it usually takes about 2 hours to reach Sarojini Nagar market from Gurugaon ( It takes more time now though ğŸ˜œ) 

The kids and I started becoming restless. My chithi was just waiting for that guest to leave so that she can give nicely to my chithappa (5/n)"
Sarojini,SunOfGan,Chennai,"we were all set to go for shopping on the previous weekend. 

Generally our Delhi visits from Gurugaon is a combination of several things planned likr buying tamil mov DVDs from R K Puram. Having Mathews Parota, going to Sarojini market and having Kastha Kachori and more (3/n)"
Sarojini,CharsuliGarduli,Satan's Lap,Sarojini nagar date pls. I wanna know ur thrift skills and ur style. Coz I suck. Elevate my style in less paisa
Sarojini,rajesh_1829,"New Delhi, India","@dontgettserious @Cawnporiaah Everything is correct what you said but it is still not equal to getting bombed into pieces like in 2005 ,2008 and 2011
Remember Sarojini Nagar just one/two  days before blast happened in that Market I was at same (I was in college) place
Never went to that Market again"
Sarojini,Anitanegidubey,"Dehradun, India","@kenstar_india #KenstarDiwaliHousie #DiwaliÂ  #ContestAlert @kenstar_india

Join @sarojini_negi 
@BansalKunjkapil 
@poonamtrilok659 
@JayshreeMalhot6 
@PritiNivoriya https://t.co/pQf9zK5nIX"
The+Big+Bull,firedawg333,,@Bullofbitcorn Bit harsh on the fat bit - you're just big boned bullğŸ‘
The+Big+Bull,Chapman_SteveG,https://www.facebook.com/stevechapmanAz  https://www.instagram.com/steve.chapman_61/,"ğŸŒBiden is trying to bull shit-nose his way to the top like he always does. 

@JoeBiden ass will never touch that big chair of @realDonaldTrump https://t.co/sKCcDvPDG3"
The+Big+Bull,QueenofBoomers,WestCoast,"@WhiteHouse @realDonaldTrump 4) ""Am I now as big as the bull!"" - ""Not completely, but still your body
is so glorious and so wonderful, you dear sweet !. ""
But he puffed 'and he puffed' and he puffed himself up,
to his eyes stood in his head bloodshed."
The+Big+Bull,IrrfanAmarHain,,@dhoop_ka_tukda Him and Vidyut Jamwal. Since then sadak and laxmi have tanked. Scam has already raised the bar so high I am not hopeful for big bull either...
The+Big+Bull,FlorenceLaReine,,"@queerchangeling Trying to get the hidden aspects is my next big mission in runs. 
I am doing runs with the firsts again, and trying to reach the Bull. 

I am on the fence about looking up how to get them, or if I should be suprised by them."
The+Big+Bull,Nithus46,"Massachusetts, USA","@JGPharmD And when you do... remember, it takes time to get to that low of a temp.  Be prepared!  I named the new freezer Ferdinand, yes, after the very large bull, who likes flowers. It was pretty big ğŸ¤£ https://t.co/9ql9vmvhyg"
The+Big+Bull,0nceMoney,Digital,"Buy $Once

It'll be the best decision you make this bull run

When big money floods in, you'll be happy you got it under $5k, nevermind $300!"
The+Big+Bull,ColiChampion,,I am implying the fact that I ship a himbo with a big af bull man minotaur in Hades lmao
The+Big+Bull,JudeHotButton,"Edinburgh, Scotland",@PippaCrerar He didnâ€™t this is a big pile of absolute bull shit. See Steve Bannonâ€™s tactics. We see you coming out the door of No10 with your wee cardboard box and your â€œlook at me Iâ€™ve resigned bull shit nonsenseâ€. Utter theatrics.
The+Big+Bull,mcintyfam,"Edinburgh, Scotland","@campbellclaret @cimmino_a It's total bull. A great big game, played for the malicious amusement of a few oversized man children and drooled over by slavering hacks employed by grovelling media outlets."
Durgavati,Pruthvi01125853,,"Jai shree ramğŸ™.

Rani Durgavati is truly an inspiration to young girls and women who lock themselves within some limits. These icons are the actual definition of women empowerment and freedom.

Rani Durgavati is said to be undefeated in all the battles she fought. https://t.co/mX70wMAlCJ"
Durgavati,indcareer,India,"Rani Durgavati University: University of Jabalpur, Jabalpur announced BSc, MA, B Pharm exam results https://t.co/KmPlgDsY0w"
Durgavati,indcareer,India,"Rani Durgavati University: University of Jabalpur, Jabalpur announced BSc, MA exam results https://t.co/KmPlgDsY0w"
Durgavati,sajal8081,"Bengaluru, India","@AICTE_INDIA @ugc_india @PMOIndia 
Applied for BCOM Degree certificate 2017 pass out student online in Rani Durgavati Vishwavidyalaya JBP on 16/12/2019 till today I have not received any response or degree certificate. Raised various complaint on CM helpline also @ChouhanShivraj"
Durgavati,IamSKSaini,,"Today's Amazon Quiz Answers- Win Rs.25,000 Amazon Pay Balance

1- KL Rahul
2- Amazon
3- Durgavati
4- West Bengal
5- Torque"
Durgavati,Deal_Bee,India,"Amazon Quiz Time (Answers) | Answer and Win â‚¹25,000 Amazon Pay Balance

Link - https://t.co/h0UIvUzeb5

1. KL Rahul
2. Amazon
3. Durgavati
4. West Bengal
5. Toque

Amazon Pay Dhanteras Spin &amp; Win Quiz

Link - https://t.co/h0UIvUzeb5

Answer : 30 https://t.co/CvsW2rgKSi"
Durgavati,Mysterydealz,Everywhere,"Answer &amp; #Win â‚¹25,000 Amazon Pay Money

#Amazon Today's Quiz Answers

1. KL Rahul
2. Amazon
3. Durgavati
4. West Bengal
5. Toque

Quiz Link - https://t.co/TeSlPuRGRW

Follow @Mysterydealz"
Durgavati,Sarthak__Jha,"Bhopal, India","RAJA SHANKAR SINGH AND RAGHUNATH SHAH (FATHER AND SON)
1. They were the descendant of Rani Durgavati and member of the Gond Family.
2. Both the father and the son were shot dead in 18th September 1857
#daily"
Durgavati,indcareer,India,"Rani Durgavati University: University of Jabalpur, Jabalpur announced BEd, MSc exam results https://t.co/KmPlgDbmBW"
Durgavati,DurgavatiV,Indian,New Blouse Designs for 2020\\Durgavati Vishwakarma https://t.co/WoRTvH8QGL via @YouTube
Teri+Diwali+Meri+Christmas,Btv_reporter,"Mumbai, India","Teri Diwali Meri Christmas to be released on Amazon Prime Video.Directed &amp; Prod uced by Anurag Jha, who is also the leading man, the film was reportedly made on a budget of Rs75,000. https://t.co/Lj5McNoLWU"
Teri+Diwali+Meri+Christmas,SleepyKittyPaw,,"There's a new Hindi movie, TERI DIWALI MERI CHRISTMAS, coming to Amazon Prime on Dec. 12.  Written and directed by Anurag Jha, it's the story of two troubled people trying to recover their memories. https://t.co/14n0hoVVIa"
Teri+Diwali+Meri+Christmas,AsianMoviePulse,,"New Hindi-language film Teri Diwali Meri Christmas to stream on Amazon Prime next month. Read all about the project on @AsianMoviePulse:

https://t.co/A1exhkoaw9 https://t.co/Ji3HejxzwU"
Tejas,mithunmedamana,Â© Profile Original & Official,"@gauriburma For those who have no idea on aila and sachin, read this ğŸ¤©ğŸ˜ğŸ˜ https://t.co/Xb4NC9KBz1"
Tejas,SarbaniC,,"@BatashSakta1 @h_tejas I have absolutely no idea why I kept writing veins ğŸ˜°. Hain, hain. I meant fish BONES. KNata, yes. Teachers &amp; other MDM workers cannot be expected to keep an eye on the bone factor. If fish, then need to make sure that they are boneless or deboned, no?"
Tejas,Pochteca46,"Washington, DC",Deep in the heart of Tejas? https://t.co/4LiBlZDHRR
Tejas,BatashSakta1,"à¦•à¦²à¦•à¦¾à¦¤à¦¾, à¦¬à¦¾à¦‚à¦²à¦¾ ğŸ’“",@SarbaniC @h_tejas You mean bones? Knata?
Tejas,Regalix,United States. India,"We get great insights on enabling diversity in organizations, facilitating #team #growth &amp; more as Billy Franz (@Tejas_Billy), Director of Inside Sales &amp; Channel @SADA, talks to #RegalixTV host @jessicaly100 in a wonderful interview.

Full interview here: https://t.co/D6cueBru5y https://t.co/In8GnFtDZI"
Tejas,shailendrah,USA,@sgupta_11 @TheWolfpackIN Agreed. HAL needs to first deliver the 40 Tejas Mk1 order they have.
Tejas,jagtap_tejas,"Pune, India",I've always wanted to know what @Casey thinks about bitcoin
Tejas,Aarambhaaa,,@Prolly_Tejas This didn't age well now did it?
Tejas,misss_tejas,West tejas ğŸŒµâ³  San Antonio ,FINALLY â¤ï¸â¤ï¸ https://t.co/jXFJbFT1Eu
Tejas,misss_tejas,West tejas ğŸŒµâ³  San Antonio ,I need Clariza home already I miss her ğŸ˜­ğŸ’— @clarizatovar
Coolie+No+1,Akshays_Vickey,India,"@menacinghitler @GemsOfBollywood Aage dhek lena...Bhuj, coolie no. 1, radhe etc. ke time.
Bots inhi ko target krenge.

IMDb &amp; Google reviews hv no credibility now.

Baki Laxmii ka wom -ve jada hai, +ve kam.
But 20-30% to fake reviews honge atleast inme."
Coolie+No+1,News18Movies,World Wide Web,"Sara Ali Khan, who usually loves making 'knock-knock jokes' with brother Ibrahim shared a video with Coolie No 1 co-star Varun Dhawan were she was seen making a funny joke in the same format

https://t.co/D6OmyCslvP"
Coolie+No+1,BNN_Breaking,England,Coolie No 1: Sara Ali Khan Leaves Varun Dhawan Speechless With Her Hilarious 'Knock Knock' Joke; Latter Exclaims 'Oh God' â€“ Video https://t.co/1lM3nYQo6m
Coolie+No+1,Spotboye,Mumbai,"Sara Ali Khanâ€™s hilarious 'Knock knock jokes' stuns Varun Dhawan and how! Watch this funny video here

#SaraAliKhan | #VarunDhawan | #KnockKnock | #CoolieNo1

https://t.co/2RI3Piu5Ll"
Coolie+No+1,ArjunSh59669794,,@Varun_dvn @PrimeVideoIN @vashubhagnani @jackkybhagnani @honeybhagnani @SirPareshRawal @poojafilms I am very excited for coolie no 1 movie ğŸ”¥â£ï¸â£ï¸ https://t.co/cTd4QDWlOL
Coolie+No+1,farebollywood,,@taran_adarsh Let's boycott upcoming Neposist and druggist film coolie no 1 remake just like sadak 2 #boycottcoolieno1 #boycottsaraalikhan #boycottvarundhawan
Coolie+No+1,news89com,"India, UAE, Kuwait, Qatar",Coolie No. 1 promotions: Sara Ali Khan is having fun withÂ colours https://t.co/gGqp3VOBOB
Coolie+No+1,mxsum98,Hidden Leaf Village,"Coolie No.1, Hero No.1 and anything else Govinda related is legendary"
Coolie+No+1,SundasIjaz9,,"@RahulVerma4860 @Varun_dvn Can't wait for coolie no.1
Varun and Sara â¤"
Coolie+No+1,Nandini52455768,,@BalkishanDubey1 YOU LOVED SSR AND YOU DIDNT GIVE A SHIT ABOUT HIS DDEATH! WE WONT GIVE A SHIT ABOUT YOUR COOLIE NO 1! I DONT WANT HYPOCRITES BUT AGAIN BULLYWOOD IS FULL OF HYPOCRITES
Tadkaa,Punjaabi_Tadkaa,,@WritingTom Ya just gonna wine
Tadkaa,WritingTom,Mumbai/Hyderabad,"@Punjaabi_Tadkaa There, there!"
Tadkaa,Punjaabi_Tadkaa,,@ItsSachinShah Thank you. ğŸ¤— it shouldnâ€™t be too bad. Iâ€™ll stock up the wine.
Tadkaa,ItsSachinShah,Bombay,@Punjaabi_Tadkaa I'm sorry id never be able to understand that but sending a big virtual hug ğŸ¤—
Tadkaa,Punjaabi_Tadkaa,,"Itâ€™s one thing being away from home on Diwali, entirely another being away AND alone."
Tadkaa,Kitchen_Tadkaa,India,@DTDCIndia dear team Atleast check once your inbox. Don't send only assurance reply in public ğŸ™
Tadkaa,Kitchen_Tadkaa,India,@DTDCIndia Everyday am receiving call that they are working on my query and it will be deliver today or tomorrow. But 12days se today &amp; tomorrow huya hi nahi. Clap ğŸ‘ clap
Tadkaa,Kitchen_Tadkaa,India,@DTDCIndia They will just ask you please DM us &amp; provide your details. But they won't check inbox itself. Waaahhh Great service ğŸ‘
Tadkaa,Kitchen_Tadkaa,India,"@DTDCIndia Pathetic service. Will try my best not to use their service again in lifetime. My consignment is showing out of delivery from 2nd Nov, but still am waiting for delivery"
Tadkaa,Punjaabi_Tadkaa,,@lordgavesh Ded only
Mughal+Road,Naughty_Narada,"Brahmaloka, Vaikuntha","Agreed.

But we dont get to see Duryodhan road, Kans mama street, Jarasandh marg, Dushashyasan award, Shakuni Palace et. Al

Bad men are hailed/priased/worshipped only from Mughal history. https://t.co/HdFS0d9sLe"
Mughal+Road,RajouriTown,"Rajauri, Jammu And Kashmir","Snowfall in higher reaches of Peer Panchal and rainfall is predicted starting from 13th Nov to 15th Nov. All, especially people travelling on Mughal road, are requested to take due care and plan their journey accordingly."
Mughal+Road,ZahidAh09069102,"Islamabad, Jammu And Kashmir",Brush work . Mughal road near shopian peer ki gali   Kashmir @yasinc_ias @shopiankmr @ShopianPolice @DistrictShopian @shahidtaks https://t.co/XMTWFA6Fel
Mughal+Road,CharakQadeer,"Jammu, Jammu And Kashmir",Locals have almost explore each corner  of Mughal roadğŸŒ¹
Mughal+Road,BahuExpress,Jammu And Kashmir,No traffic was allowed on Srinagar-Jammu national highway on Friday due to maintenance of the only road connecting Kashmir valley with the rest of the country. https://t.co/LtERJwEKbD https://t.co/knmDi8T4Gw
Mughal+Road,live_wiremedia,"Jammu, Jammu And Kashmir",No traffic was allowed on Srinagar-Jammu national highway on Friday due to maintenance of the only road connecting Kashmir valley with the rest of the country. https://t.co/rFUzRMDCA7 https://t.co/8jrbDZBd61
Mughal+Road,subrata_tamal,"New Delhi, India","Yes, we want Aurangzeb Road, not because he killed his family members, but because he was one of the greatest Mughal empires and part of Indian history. What did Adhoka did? Read history. But, we use Ashoka Chskra as Indian's emblem. Try to see things beyond Hindu-Muslim. https://t.co/biTxFrrJgg"
Mughal+Road,Shifa39196045,Zamani,"A delight to the eyesğŸ‘€ of nature lovers, this beautiful waterfallğŸ–ï¸ is nicely tucked behind the mountain peaks, while travelling on the Mughal Road, https://t.co/fWEkeouVSR"
Mughal+Road,SarfudinYahya,Srinagar ,"The advisory said air and surface traffic was likely to get disrupted during this period. The traffic disruption is likely to hit the #Srinagar-#Jammu, #Srinagar-#Leh highways and the Mughal Road that connects the valley with the Jammu division."
Mughal+Road,CharakQadeer,"Jammu, Jammu And Kashmir","ğŸŒ¹Know Chandimarh,PoonchğŸŒ¹
Another beautiful waterfall at Chandimarh,about 08km from historical Noori Chamb.
Many such waterfall r there along side Mughal road.
Tourism dept is developing these sites.
Visit all ğŸ™
@PoonchDm 
@dcrajouri 
@Samreenkhan78 
@ShowkatChodhary https://t.co/2pTvsY3Hdq"
Sarfarosh+2,soumyaparhi,"Kolkata, India","@netflix @NetflixIndia How can the web-series is deleted ? 
1. 21 Sarfarosh : Saragarhi 1897 
2. Jhansi Ki Rani 

Why itâ€™s not available in #India and I was watching this few days back ? How come suddenly you took this out ??"
Cobra,loubearmylove,ur moms wap,"@stylexgolden wet-ass pussy
Look, I need a hard hitter, I need a deep stroker
I need a Henny drinker, I need a weed smoker
Not a garden snake, I need a king cobra
With a hook in it, hope it lean over
He got some money, then that's where I'm headed
Pussy A1, just like his credit
He got a beard,"
Cobra,eyalfeed,"Planet Eyal, Shandral System","Codie(2 higher rogue) was splattered to death by a king cobra on Trollmire 3.
https://t.co/TPMw34i48j"
Cobra,momsbyof3,Canada,Watch out Trump the Cobra Chickens are going to get you! https://t.co/um3eWwuojQ
Cobra,boppaPSN,Deep Space,"@smorganmoore It's a bonus that all three shots contain a Cobra MkIII (not pink tho, but we can't have everythingğŸ™ƒ)"
Cobra,fakeaf_,"6, California",@EDDYOUNGBOY I like a good beer but if I ainâ€™t at the bar w someone sexy I am drinking me some cobra lol
Cobra,WandiaGiteru,"Kerugoya, Kenya.","But there's hope for those who suffer for Christ. There will be glorification. Even the animals will receive their long awaited freedom.

[vs: 8]  The infant will play near the hole of the cobra,
  and the young child put his hand into the viperâ€™s nest.
#GlobalWordVigil https://t.co/D2XdsJGrDk"
Cobra,nataliawraggm,"Santiago, Chile",stanning cobra starship https://t.co/gsP6xyK5i1
Cobra,paulEdw78526396,"Armadale, Scotland","@cheryllynmartin I always imagine people with visible and striking tattoos sat in the sunshine chair at the nursing home, unable to feed themselves and stinking of their own piss. Sat there with a full arm sleeve of a cobra or a skull with a snake crawling trough itâ€™s eye. Very Classy"
Cobra,IpsaHerself,,"rainy season--
a cobra's s
through the floodwater

#8wordspoet"
Cobra,ArekuGemu,Philippines,"ok so lets start this
Height: 5'6 
Shoe size: idk i don't remember! just imagine big foot
Zodiac: Taurus
Tattoos/piercings: n/a 
Favorite Color: Black, Grey, red and purple
Favorite drink: Cobra energy Drink!
tags
@namae_art 
@Official_Isamu 
@PIEPLAYS1 
@Wakeych 
@Mitsumono_Rin https://t.co/B6OHVx7VFK"
Bhoot+Police,SaifOnline,Worldwide,Saif Ali Khan on the set of BhootÂ Police https://t.co/RJ2fBP6m4h
Bhoot+Police,dhali_roman,"Dubai, United Arab Emirates","Jacqueline Fernandez heads to Dahramshala, her next shoot location, for Bhoot Police
#jacquelinefernandez #Dharamshala #shoot #BhootPolice 
.
https://t.co/8omqHZqRWG"
Bhoot+Police,bollywood_b,Mumbai,"Jacqueline Fernandez heads to Dharamshala, her next shoot location, for Bhoot Police https://t.co/RxCZGBTIwl https://t.co/4l3HGGgQB1"
Bhoot+Police,Tech4Lead,,"Jacqueline Fernandez heads to Dahramshala, her next shoot location, for Bhoot Police https://t.co/Zx7J6V42EO"
Bhoot+Police,indiaforums,India,"#JacquelineFernandez to celebrate Diwali in the lap of Himachal Mountains with Bhoot Police team 
@Asli_Jacqueline https://t.co/wYVE91Wm3I"
Bhoot+Police,etimes,,".@Asli_Jacqueline is all set to celebrate the festival of lights Diwali with her extended family in the lap of the mountains

#HappyDiwali
#JacquelineFernandez

https://t.co/lZvVwNI4hf"
Bhoot+Police,jedcorp,,"Dalhousie done, Arjun Kapoor, Jacqueline Fernandez and Yami Gautam take Bhoot Police to ... https://t.co/mXvYOADaad"
Bhoot+Police,Showbiz_IT,"Delhi, India","#Dalhousie done, #ArjunKapoor, #JacquelineFernandez and #YamiGautam take #BhootPolice to #Dharamshala
https://t.co/oQD1t5ZIEl"
Bhoot+Police,bhandare_lingu,"Pune, India",Its really amazing for me some search for Bhoot and some search for police! But I know Bollywood people can do anything for entertainment their light shine at all the heights overseas bye good night ğŸ™â¤ğŸ™ğŸŒ¹ https://t.co/ypuzoR4TKk
Bhoot+Police,ItsAankmare,,"Kareena Kapoor Khan &amp; Saif Ali Khan to celebrate Diwali in Dharamshala

Kareena Kapoor Khan recently resumed the work in Mumbai, and Saif Ali Khan flew to Dharamshala to film his next movie Bhoot Police. Kareena has now revealed in an interview that they will celebrate the li... https://t.co/2fcozU5GpL"
My+Name+is+Raga,Mohanmitta,"Charlotte, NC","@indianneer @TimesNow @RahulGandhi @amitmalviya That is biggest achievement @RahulGandhi @INCIndiaLive , the very mention of his name is nothing but an achievement.  I will say RaGa has arrived. His name is mentioned in book with other great leader in worlds. My Congratulation, keep your head high."
Incredible+India,TheDesignBoard,,"Check out illustrator Chaaya Prabhat's incredible masthead artworks for The Times of India. @chaayaprabhat

#Illustration #Design #Art #Masthead #MastheadDesign #TheTimesOfIndia #TOI #India https://t.co/WgNgzLHh1p"
Incredible+India,kenb503,"Oregon, USA","@JohnStatz @KamalaHarris Thank you for the correction. I believe that the U.S. has made incredible strides in pollution prevention. As China and especially India move further along in their economic progress through industrialization, they can benefit greatly from our technological advances."
Incredible+India,slimsha27800349,,People Like Them Who Wants To See The Change Without Any Effort!! Incredible India https://t.co/akvBunEDDV
Incredible+India,saqibnoorcom,"Phnom Penh, Cambodia","An incredible thesis and exactly what the One Surgery Index hopes to disseminate widely to the #globalsurgery community

""Evaluations revealed that this device could indeed be a game-changer to the existing practices of reprocessing laparoscopic instruments in rural India"". https://t.co/pg38v3ObL7"
Incredible+India,DonDangerous4,,@Baligubadle1 China and India. Incredible.
Incredible+India,RuchiBamba2,,@anandmahindra Incredible India!
Incredible+India,Bibhu237,"Rourkela, Odisha ",@tweet_anisha @V_Trips7781 Incredible India...
Incredible+India,rit_111_,HOWRAH,@Bibhu237 @myogiadityanath @PMOIndia Incredible India
Incredible+India,Sanchar90911014,,"@ShauniGhosh @Rahul60977982 @pradip103 INCREDIBLE!

The""Entire-Nation""is ProudğŸ––of Them!ğŸ™âš–ğŸ›ğŸ”±

Republic -Tv ( Zindabad )

Best-Channel in'India!

****WE  WALK REPUBLIC-TV
WE  TALK  REPUBLIC -TV****
WE DREAM REPUBLIC- TV****
@republic @ishkarnBHANDARI @PMOIndia @iRaviTiwari @iujjawaltrivedi @GeneralBakshi @HMOIndia"
Incredible+India,imsachins,"Pune, India","Beautiful and Incredible IndiağŸ˜ğŸ˜

It is so much more than just lights. The vibes of positivity which fill the void and brighten up the soul and surrounding. So magnificent to see #AyodhyaRamMandir #AyodhyaDiwali https://t.co/Fi9NTTJc2q"
Life+on+a+Bicycle,ry_nharper,californian necrovore ğŸ˜ˆ,"y'all ever just feel like a punctured bicycle, on a hillside desolate, will nature make a man of me yet, why pamper life's complexity, when the leather runs smooth on the passenger seat, i would go out to tonight but I haven't got a stitch to wear, this man said it's gruesome th"
Life+on+a+Bicycle,jbickxz,,"@brandymstanford @cheryllynmartin Sorry to tell you, Yes you do, tattoos are marks on you with personal meaning. 
That tiny scar from the bicycle wreck when you were 5.
That's a tattoo. 
It doesn't have to be in ink. Nobody gets through life without one."
Life+on+a+Bicycle,HawaaBezaar,,"Life is not a fairytale but I still believe a king will come on a bicycle with big moustaches and beard and will propose me with a rose in his handğŸ¤£

P. S (I didn't say prince because never liked them)"
Life+on+a+Bicycle,SGDamson,lost inside a good book,"They say life is like a bicycle; so hereâ€™s how to ride it. 

Left pedal: feeling low? count your blessings and consider those whoâ€™re struggling to have what you have.

Right pedal: Overconfident or complacent? Look up to those doing better than you.

Ride on. Thank God"
Life+on+a+Bicycle,thebotbecks,@ me and ask for a lyric :D,"oh, it would be fine to spend my whole life with you, on a bicycle built for two"
Life+on+a+Bicycle,vulgarweed,,"@on_bicycle When I watched that as a kid I thought it was one of the funniest things I ever saw on TV in my life (still is) but it confused me, because being a country girl, I had definitely seen turkeys fly. Truth is: WILD turkeys can fly. DOMESTIC turkeys can't."
Life+on+a+Bicycle,DavidWarschauer,"San Diego, CA",@420_Bike_Life @dorfman_baruch Unless you are a big dummy like me.  I crash all the time on my bicycle.  Got a shattered tibia and hairline fractures on my talus and elbow to prove it.  Never stop pedaling. ğŸ‘
Life+on+a+Bicycle,NathanFrancis__,Meatspace/Cyberspace,"""I've lost all my money on these films. They are not commercial. But I'm glad to lose it this way. To have for a souvenir of my life pictures like Umberto D. and Bicycle Thieves."" Italian neorealist filmmaker #VittorioDeSicca passed away #onthisday 13 November 1974. #Filmmaking https://t.co/U2VleG1GB5"
Life+on+a+Bicycle,peninggibadaNCP,,"life is like riding a bicycle. to keep your balance, you must keep moving on."
Life+on+a+Bicycle,Je_AnneAR,,"@SB19UnitedAsOne @SB19Official @MTV Life is like a riding bicycle. To keep your balance you must keep on moving 
-Albert Einstein

REQUEST @SB19Official @MTV #FridayLivestream

#SB19"
Beautiful,_Bongani__,,"Le nna ka dumela,the current MISS SA doesn't have that oomf,maan!

Yes she is beautiful,fit and sexy- you can tell she also have good heart but ayy!

It's like she wants to mind her own business nje.

Anyway we proceed...."
Beautiful,CarsonKitchen,"Las Vegas, NV","Do you have plans to celebrate something special in 2021? Let us help you host a beautiful wedding reception, milestone birthday, or event! Our team loves to watch our patio transform, and spend the night dancing under the stars. Visit our website to get started. âœ¨ https://t.co/QzF6R6xsK7"
Beautiful,maddienorris,"San Francisco, CA, USA",one of the most beautiful things on the World Wide Web ğŸ™ŒğŸ¼ https://t.co/dUSWsiFEF9
Beautiful,Lis82664184,"Only Army, OT7","Baby more beautiful, and cute, my god that cute, what a beautiful little thing too ğŸ’œ https://t.co/0F7LLUld0d"
Beautiful,MWDCC,Manly ,"5s are at Balmoral Oval on a beautiful day for cricket.
Skipper Rochford won the toss and elected to bat.
Jack Melchiore and Kai Broome are opening.
#waratahmatchday"
Beautiful,dawshizzzle,"Seattle, WA","@JoseE_Franco @jumoffit @elecizenson @Timcast Alex Jones simps for Trump, a guy who had bragged about how him and Epstein share an interest in beautiful girls, and how Epstein is a â€œterrific guyâ€ who â€œlikes em youngâ€. He doesnâ€™t care about Epstein."
Beautiful,SanjayA98497267,,@BijalJain6 Beautiful.
Beautiful,thenerv3s,16â—ï¸ she/her ,@ohcomeIy HES SO BEAUTIFUL
Beautiful,SakinahNasuha,"Kota Kinabalu, Sabah",@azrimfzll Beast beautiful what a good memory ğŸ¥ºğŸ’œ
Beautiful,chrisrockward,"Highlands, NJ","@CESPrncipl Beautiful job, Campbell!"
Swagat+Hain,nicememes420,,"@JioSaavn My mind automatically plays Swag Se Karenge Sabka Swagat when I'm making tea for
guests who come home on Diwali. #JioSaavnDiwali
17. Jab parents gift dete hain toh mere mann main â€œAayiye"
Swagat+Hain,pratushamishra,India,"@Marium87330528 Marium....
â¤â¤â¤â¤â¤â¤â¤â¤â¤â¤â¤â¤
Love you so much. ğŸ˜˜ğŸ˜˜ğŸ˜˜ğŸ˜˜ğŸ˜˜ğŸ˜˜ğŸ˜˜ğŸ˜˜ğŸ˜˜ğŸ˜˜ğŸ˜—
Meri dramebaaz aa gayi. ğŸ¤§ğŸ¤§ğŸ¤§ğŸ¤§ğŸ¤§ğŸ¤§ğŸ¤§ğŸ¤§ğŸ¤§ğŸ¤§ğŸ¤§

Swagat hain tumhara yaha. ğŸ˜ğŸ˜ğŸ˜ https://t.co/rRIgTqfCgh"
Swagat+Hain,GayatriBGohain,Assam|HR|Delhi|KTK|Maharashtra,"Swagat isey kahte hain â¤ï¸
Librandus, Burnol moment ğŸ˜

#ArnabIsBack

@Republic_Bharat
@republic https://t.co/9qQpBvD01D"
Swagat+Hain,NeogyAtanu,,"@ExSecular Humare yaha to inhe mala o se swagat kiya jata!! Librandus like Suara would even come with an aarti ki thaali in her hand, because why not!! Hum ""secular"" hain...."
Swagat+Hain,rajuzray,"Kolkata, India","@yadavtejashwi congratulations!!!
To youngest chief minister ...
Let's set the new trends...
Swagat hain."
Swagat+Hain,anush_khanal,Nepal,"@Rinkulovessallu Swagat hain insta par

50DAYS TO SALMANs BDAY"
Coat,Antiproton_com,Early #Neolithic they/them NBâš§,"My new Wok went from right out of the box to properly seasoned. We will need to probably season it again later as I like a triple coat, now that I have some idea what I'm doing.

15min burn with oil lol https://t.co/UejiB6Kzms"
Coat,OMGcharli,"Ipswich, England","@officialchiki Hell yeah, itâ€™s such a good coat."
Coat,xx_kingjour,$oufside,crying at Miles Morales fighting Rhino in a bubble coatğŸ˜­
Coat,Marlo_Rees,Dallas,@joehagansays I love someone who doesn't sugar coat shit.
Coat,marcellustouss1,,"@WFANmornings few things i think he didnt even think about this morning...
that lady was most likely in just her work shirt.. he was walking in the building in a coat or jacket..
instead of holding the door open to chat with your buddy.. maybe step outside and close the door.."
Coat,timebomber,Taylor || She/her,"""Rogue I'm this close to turning your brother into a fur coat."""
Coat,wikifurros,"Cierzoland (Aragon, Spain) ","@alittlefawn I like the top ^w^. And don't worry about the ""winter coat"", you're still beautiful"
Coat,videohipico,"Florida, USA","The Outstandings:
@JaramilloJockey &amp; M. VÃ¡squez, 2 wins!

@equigras promotes a Healthy, Glossy &amp; Shinny coat. Improves the distribution and deposit of body fat, helps to restore &amp; protect the hooves and prevents the incidence of colic and gastric ulcers.
ğŸ‘‰https://t.co/5yNUocNcSQ https://t.co/t8ZxLpyph9"
Coat,heyjaeeeeee,"Los Angeles, CA",The turtle neck &amp; coat combo is top tier. I see yâ€™all ğŸ‘€âœ¨
Coat,gokotai_eng,manual replies,Kashuu-san always looks so good in his coat. It suits him very well!
Teju,DANNYDINDU,RIGHT HERE ğŸ”ğŸ“,@Tife_fabunmi @Ann_teju Dont forget to pray against lil frosh type of mess up
Teju,filemakersecure,,Teju from @okta @oktadev presented an excellent overview for passwordless authentication at @FIDOAlliance @AuthenticateCon #Okta can be employed with @ClarisOfficial #FileMaker Server hosted files as shown by @wimdecorte and me.
Teju,_ari_da,,"@Wakeelah_teju @Bervelynnnnnn @EricaNlewedim Thank you, that means a lot to meğŸ¥ºâ¤. It was kind of stressful to make"
Teju,Wakeelah_teju,,@_ari_da @Bervelynnnnnn @EricaNlewedim Truly...I can't stop watching this video ğŸ¥°ğŸ¥°
Teju,teju_SHIMIZU12,æ‰‹æ‹å­ã¯é ­ã®ä¸Šã§,ğŸ”¶ğŸŒMatch dayğŸŒ¸ğŸº
Teju,Wakeelah_teju,,@DoodooArmani Don't disturb yourself trying to figure Doodoo's relationship status. You will just have headache https://t.co/5k1VDoX5MC
Teju,Wakeelah_teju,,@Angela28544002 Na you come know ooğŸ˜ğŸ˜ğŸ˜
Teju,Angela28544002,"Lagos, Nigeria",@Wakeelah_teju You sure say na the smile you dey see... ğŸ¤”ğŸ˜‚ğŸ˜‚ğŸ˜‚ https://t.co/KwL6QZBqnK
Teju,iamWilfredatubu,Nigeria,@tejumania Teju find way dey send the food come my side abeg
Teju,AuthenticateCon,Planet Earth,"Live at #Authenticate2020: Teju Shyamsundar, senior product marketing manager @okta will talk through the deployment considerations when choosing a #passwordless solution, and how to deliver a great end user experience, while meeting your business security requirements."
Womaniya,Dev12350430085,,"@Woman_with_fire @AjgaonkarMiking @pooja_69 @itsmee_adii @ImRiya69 @Lubnabhabi @Kavitha_4u2u @Slt_Womaniya @Sonal1238 @ragini149 That's two of us with identical thoughts!

ğŸ˜"
Womaniya,WordWandering,,@Maipha_M @Womaniya Terrorists openly bring their religion into it. Ignoring the religion after that makes no sense. If these scientists didnâ€™t bring their religion into it why should anyone drag that? Stop playing the victim all the time.  Celebrate.
Womaniya,WordWandering,,@Maipha_M @Womaniya They didnâ€™t develop the vaccine in the name of religion. Thereâ€™s a difference. If they cite their religion as the guide to developing the vaccine religion will definitely be brought into it.
Womaniya,atalagarwal,India,@klassy_womaniya True... although they wasted pankaj tripathi's talent too
Womaniya,klassy_womaniya,"Mumbai, India","@atalagarwal I didnâ€™t like it much!
A drag except Pankaj Tripathi acting!"
Womaniya,atalagarwal,India,@klassy_womaniya I thought it was too long &amp; complicated
Womaniya,klassy_womaniya,"Mumbai, India","@atalagarwal One time watch!
Tp ğŸ˜…"
Womaniya,atalagarwal,India,@klassy_womaniya Very true
Womaniya,atalagarwal,India,@klassy_womaniya Whats ur view of the movie
Womaniya,la_womaniya,à¤­à¤¾à¤°à¤¤,"@GeneralBakshi Remembering all those great warriors who lost their lives today to protect ours. We can't even imagine what their loved ones must be going through. Let's not forget their sacrifice. 
Jai Hind. ğŸ‡®ğŸ‡³
#IndiaHammersPak"
Inshallah,Mkidmahir,Toronto ,Inshallah Iâ€™ll build a yard of my own like thisğŸ›  https://t.co/KuTbGFOOpv
Inshallah,zuzumalix,Dreamville,Praying for that girl inshallah she gets through this and anyone who defends that rapist block me now!
Inshallah,yawanaman,,U no get traffic follow so u say ghetto. Accra just be packaging and inshallah https://t.co/LFSMQY5MSU
Inshallah,farmansyed,"Bay Area, CA","""Pleasant rhetoric, while refreshing at the moment, will not move us forward. Shifting the policies that continue to perpetuate harm here and abroad will, inshallah."" https://t.co/IzpMTYvE90"
Inshallah,itznotkshf,â˜¾,"@bburner11 tm i know maynn my imaan fluctuates sm. itâ€™s been a rocky seven years but take ur time with it, thereâ€™s no rush and inshallah weâ€™ll both get there in the end"
Inshallah,AbabakerA,"Hawler , Kurdistan Region ",@MynaNajat Inshallah bash abe .
Inshallah,sagallinaa,,"@cabirSilvt @hooyadaweydii Facts stop making up your own deen, itâ€™s unfortunate that there is men in this world that donâ€™t listen to No. sad ik but the act with tip or without tip is zina. Inshallah the girl can make tawbaah and be healed. And Iâ€™A he is punished."
Inshallah,zak_266,London ,and the new ! come on champ - you got this @SpecialKBrook hit him bang on the money and you walking away as the best in the division. come on champ you got this inshallah https://t.co/ccUy991fjF
Inshallah,brakaybee_,Kitchen,Inshallah by December 31 Dee na man hit... Nyame ne y3n boafo
Inshallah,dosa_shaker,"assuit,Egypt ",@Mayaryasserr1 y raaab inshallah y hbbty â¤ï¸â¤ï¸
Gustakhiyan,LABBAIKWALAY,,"@Muhamma58253464 #Sultan #AbdulHameed

Jis ne #france gustakhana #drama kay khilaf ailan e Jihad kardiya to france dr gya aur gustakhiyan rok dein

@ImranKhanPTI

U shall be treated same as Sultan AbdulHameed did to u #frenchie @EmmanuelMacron https://t.co/2iCkpDA7QT"
Gustakhiyan,10Dwiti,"Ahmadabad City, India","How to fall in love???? 

ğŸ’ŸğŸ’ŸğŸ’ŸğŸ’ŸğŸ’ŸğŸ’Ÿ

Hope you all also fell in love...
 
@Beatking_Sumedh 
#SumedhMudgalkar 
ğŸ˜ğŸ˜ğŸ˜ğŸ˜ğŸ˜ğŸ˜ğŸ˜ğŸ˜ğŸ˜ğŸ˜ğŸ˜ğŸ˜ğŸ˜ğŸ˜
That song is going in mind ğŸ˜˜ğŸ˜˜ğŸ˜˜ğŸ˜˜
(Aankhon ki gustakhiyan maaf hoooo) 
â˜ºâ˜ºâ˜ºâ˜ºâ˜ºâ˜ºâ˜ºâ˜ºâ˜ºâ˜ºâ˜ºâ˜ºâ˜ºâ˜º https://t.co/9AqBcEnlc7"
Gustakhiyan,AtibAlvi,,I so badly wants @ParineetiChopra to work with SLB remember those rumors of gustakhiyan with fawad.ğŸ˜”
Gustakhiyan,Srashti88878236,,"Shravan looking at Suman while dancing with SofağŸ˜ğŸ˜
Suman looking at Shravan while talking with AvniğŸ˜ğŸ˜

SuVan ki 'Aankhon ki Gustakhiyan' maaf hoğŸ¤­ğŸ¤­

#EkDujeKeVaaste2 #SuVan"
Gustakhiyan,Srashti88878236,,"Caught up with the ep now,
-The first scene again gave Malhotra Parivar vibesğŸ˜
-Suvan stares(Ankhon ki gustakhiyan playing in bg)
-The Solar system story wasâ¤ and had huge depth in it
-Precap mere sar ke upar se gya so I'll rewatch itğŸ™‚
I take only positivity from everywhereğŸ¤—"
Chanda+Mama+Door+Ke,MehakKa82329298,,"#CannotStopSSRJustice Sushant Singh Rajput walks out of â€˜Chanda Mama Door Keâ€™, to make his own space film"
Imali,imali,"Louisville, KY","77.7 million to 72.4 million, that's a pretty good shellacking"
Imali,imali,"Louisville, KY",So... what do you call an electoral college landslide plus a popular vote landslide? ğŸ¤” https://t.co/FCSREmOcBX
Imali,ZweshOhms,South Africa,@TekoMash Badle imali yama highlights.
Imali,sisiphodube,,"Unesibindi to host events when you havenâ€™t paid imali ka @MmeMatswale. You crook. 

https://t.co/swCIv4jOoc https://t.co/xhfAe0nKAN"
Imali,dadiiorr,Tokyo Japan,@iam_wamii ayikho imali sbali thatâ€™s the only flop
Imali,beyonka_fierce,"Cape Town, South Africa ","@MbalulaFikile Kunini yatyiwa imali yiANC anihluthi. I hope he incriminates everyone else beyond redemption so that can be out the door too, if the party will bother to muster it."
Imali,c_reley,"Polokwane, South Africa","I'm not your type my love, anginayo imali."
Imali,khaleesego,"Johannesburg, South Africa",@AndiswaLinda When she dropped that plus size collection.... MY HEART SANK cos imali idliwa iingane ğŸ˜­
Imali,_lelethu_,"Johannesburg, South Africa",Imali at least
Imali,Malbingo,"Durban, South Africa",To think I was expecting 3-0 the least. Cishe ngamosha imali ngathenga @CastleLagerSA To watch the game.
